"{GraphName : Bardeen_matchedFlatOriginal, GraphConstruction : matchedFlatOriginalKNN, RadialBin : 11., RadiusMean : 10.78996956662807, NReferenceVertices : 86., CLog_Mean : 1.1582284079666565, CLog_SD : 0.15984651793866772, MeanShellSize_Mean : 40.383720930232556, MeanShellSize_SD : 6.695333940889532, StdShellSize_Mean : 0., StdShellSize_SD : 0., MeanLogShellSize_Mean : 3.709583199061866, MeanLogShellSize_SD : 0.1655664442154554, StdLogShellSize_Mean : 0., StdLogShellSize_SD : 0., MeanLogMultiplicityByShell_Mean : 1.9808097900225083, MeanLogMultiplicityByShell_SD : 0.25643643787063525, StdLogMultiplicityByShell_Mean : 1.0522295053375088, StdLogMultiplicityByShell_SD : 0.15979285481738423, Degree_Mean : 17.96511627906977, Degree_SD : 1.7653373243301267, ClusteringCoefficient_Mean : 0.6801231844803627, ClusteringCoefficient_SD : 0.08242875285100176}"
"{GraphName : Bardeen_matchedFlatOriginal, GraphConstruction : matchedFlatOriginalKNN, RadialBin : 7., RadiusMean : 7.492894226821613, NReferenceVertices : 77., CLog_Mean : 1.1384841665204264, CLog_SD : 0.09783716503658647, MeanShellSize_Mean : 68.44155844155844, MeanShellSize_SD : 8.283613352328906, StdShellSize_Mean : 0., StdShellSize_SD : 0., MeanLogShellSize_Mean : 4.2333561609699935, MeanLogShellSize_SD : 0.12084719557964688, StdLogShellSize_Mean : 0., StdLogShellSize_SD : 0., MeanLogMultiplicityByShell_Mean : 1.8255010986609235, MeanLogMultiplicityByShell_SD : 0.19261801837661593, StdLogMultiplicityByShell_Mean : 1.0316472048997565, StdLogMultiplicityByShell_SD : 0.1076206870762184, Degree_Mean : 17.38961038961039, Degree_SD : 1.5057420286133814, ClusteringCoefficient_Mean : 0.5803948735598659, ClusteringCoefficient_SD : 0.08445416710568703}"
"{GraphName : Bardeen_matchedFlatOriginal, GraphConstruction : matchedFlatOriginalKNN, RadialBin : 2., RadiusMean : 3.4153830210796823, NReferenceVertices : 81., CLog_Mean : 1.1984352649047378, CLog_SD : 0.08984688630933874, MeanShellSize_Mean : 54.148148148148145, MeanShellSize_SD : 7.5218201107031115, StdShellSize_Mean : 0., StdShellSize_SD : 0., MeanLogShellSize_Mean : 4.0006998647943774, MeanLogShellSize_SD : 0.13818208775799326, StdLogShellSize_Mean : 0., StdLogShellSize_SD : 0., MeanLogMultiplicityByShell_Mean : 1.8452509583589214, MeanLogMultiplicityByShell_SD : 0.20151898625124115, StdLogMultiplicityByShell_Mean : 1.095608418130807, StdLogMultiplicityByShell_SD : 0.09666357980996478, Degree_Mean : 19.80246913580247, Degree_SD : 2.2103153230162644, ClusteringCoefficient_Mean : 0.5743494431385231, ClusteringCoefficient_SD : 0.05804516572613942}"
"{GraphName : Bardeen_matchedFlatOriginal, GraphConstruction : matchedFlatOriginalKNN, RadialBin : 5., RadiusMean : 5.844938971895935, NReferenceVertices : 82., CLog_Mean : 1.129072210273759, CLog_SD : 0.07644297416522511, MeanShellSize_Mean : 71.71951219512195, MeanShellSize_SD : 7.192716463859748, StdShellSize_Mean : 0., StdShellSize_SD : 0., MeanLogShellSize_Mean : 4.281748764588183, MeanLogShellSize_SD : 0.09943263267279176, StdLogShellSize_Mean : 0., StdLogShellSize_SD : 0., MeanLogMultiplicityByShell_Mean : 1.683694964118129, MeanLogMultiplicityByShell_SD : 0.1970810368837503, StdLogMultiplicityByShell_Mean : 1.0284292840957285, StdLogMultiplicityByShell_SD : 0.0870228887423616, Degree_Mean : 17.853658536585368, Degree_SD : 1.3977225851982003, ClusteringCoefficient_Mean : 0.5975274598500078, ClusteringCoefficient_SD : 0.07554633859827653}"
"{GraphName : Bardeen_matchedFlatOriginal, GraphConstruction : matchedFlatOriginalKNN, RadialBin : 1., RadiusMean : 2.604219141781288, NReferenceVertices : 84., CLog_Mean : 1.2056665225872096, CLog_SD : 0.11694338940679576, MeanShellSize_Mean : 50.42857142857143, MeanShellSize_SD : 6.380100301900149, StdShellSize_Mean : 0., StdShellSize_SD : 0., MeanLogShellSize_Mean : 3.932136556345726, MeanLogShellSize_SD : 0.13003442057869918, StdLogShellSize_Mean : 0., StdLogShellSize_SD : 0., MeanLogMultiplicityByShell_Mean : 1.8496627630102114, MeanLogMultiplicityByShell_SD : 0.24070640407335706, StdLogMultiplicityByShell_Mean : 1.102809051966234, StdLogMultiplicityByShell_SD : 0.12832381976929802, Degree_Mean : 17.666666666666668, Degree_SD : 2.0960854699149927, ClusteringCoefficient_Mean : 0.6430431764157942, ClusteringCoefficient_SD : 0.07864392462168922}"
"{GraphName : Bardeen_matchedFlatOriginal, GraphConstruction : matchedFlatOriginalKNN, RadialBin : 12., RadiusMean : 11.577464294180814, NReferenceVertices : 99., CLog_Mean : 1.1535343867272037, CLog_SD : 0.14278927417073395, MeanShellSize_Mean : 38.313131313131315, MeanShellSize_SD : 6.219860331535219, StdShellSize_Mean : 0., StdShellSize_SD : 0., MeanLogShellSize_Mean : 3.659393217100091, MeanLogShellSize_SD : 0.15632363332706384, StdLogShellSize_Mean : 0., StdLogShellSize_SD : 0., MeanLogMultiplicityByShell_Mean : 2.011071902190679, MeanLogMultiplicityByShell_SD : 0.2273413897860999, StdLogMultiplicityByShell_Mean : 1.0444197862080011, StdLogMultiplicityByShell_SD : 0.1492468020100371, Degree_Mean : 16.494949494949495, Degree_SD : 0.8252858178211239, ClusteringCoefficient_Mean : 0.6968513827646954, ClusteringCoefficient_SD : 0.07783560611962399}"
"{GraphName : Bardeen_matchedFlatOriginal, GraphConstruction : matchedFlatOriginalKNN, RadialBin : 6., RadiusMean : 6.631998913290603, NReferenceVertices : 82., CLog_Mean : 1.0982833407963455, CLog_SD : 0.09111767457709992, MeanShellSize_Mean : 71.02439024390245, MeanShellSize_SD : 7.774563795879479, StdShellSize_Mean : 0., StdShellSize_SD : 0., MeanLogShellSize_Mean : 4.271221090834945, MeanLogShellSize_SD : 0.1084356851588059, StdLogShellSize_Mean : 0., StdLogShellSize_SD : 0., MeanLogMultiplicityByShell_Mean : 1.7098126216476228, MeanLogMultiplicityByShell_SD : 0.19715758971392053, StdLogMultiplicityByShell_Mean : 0.9961528049713648, StdLogMultiplicityByShell_SD : 0.09906191341977671, Degree_Mean : 17.695121951219512, Degree_SD : 1.488134339401113, ClusteringCoefficient_Mean : 0.5947896702540664, ClusteringCoefficient_SD : 0.09246867111707915}"
"{GraphName : Bardeen_matchedFlatOriginal, GraphConstruction : matchedFlatOriginalKNN, RadialBin : 3., RadiusMean : 4.23647466761002, NReferenceVertices : 79., CLog_Mean : 1.1605205184393057, CLog_SD : 0.09777604279887973, MeanShellSize_Mean : 59.037974683544306, MeanShellSize_SD : 6.467756393725851, StdShellSize_Mean : 0., StdShellSize_SD : 0., MeanLogShellSize_Mean : 4.089223029639043, MeanLogShellSize_SD : 0.1081929546018009, StdLogShellSize_Mean : 0., StdLogShellSize_SD : 0., MeanLogMultiplicityByShell_Mean : 1.8754546692349683, MeanLogMultiplicityByShell_SD : 0.18884102367843703, StdLogMultiplicityByShell_Mean : 1.0543704425982332, StdLogMultiplicityByShell_SD : 0.10450572103684483, Degree_Mean : 18.139240506329113, Degree_SD : 1.5830364948349192, ClusteringCoefficient_Mean : 0.5706901354645569, ClusteringCoefficient_SD : 0.06024744306368306}"
"{GraphName : Bardeen_matchedFlatOriginal, GraphConstruction : matchedFlatOriginalKNN, RadialBin : 10., RadiusMean : 9.95982155887775, NReferenceVertices : 95., CLog_Mean : 1.2012127095853866, CLog_SD : 0.12396685419935186, MeanShellSize_Mean : 45.17894736842105, MeanShellSize_SD : 6.89122004972967, StdShellSize_Mean : 0., StdShellSize_SD : 0., MeanLogShellSize_Mean : 3.8213382577470756, MeanLogShellSize_SD : 0.151352227818872, StdLogShellSize_Mean : 0., StdLogShellSize_SD : 0., MeanLogMultiplicityByShell_Mean : 1.8823335379028028, MeanLogMultiplicityByShell_SD : 0.21783868937884035, StdLogMultiplicityByShell_Mean : 1.0984133148381447, StdLogMultiplicityByShell_SD : 0.13045165565852423, Degree_Mean : 20.263157894736842, Degree_SD : 2.174369687664409, ClusteringCoefficient_Mean : 0.5948257529603534, ClusteringCoefficient_SD : 0.06208088787443959}"
"{GraphName : Bardeen_matchedFlatOriginal, GraphConstruction : matchedFlatOriginalKNN, RadialBin : 8., RadiusMean : 8.353125315908303, NReferenceVertices : 83., CLog_Mean : 1.1468164709777497, CLog_SD : 0.10259959711746539, MeanShellSize_Mean : 57.80722891566265, MeanShellSize_SD : 6.288700341369744, StdShellSize_Mean : 0., StdShellSize_SD : 0., MeanLogShellSize_Mean : 4.068614829701123, MeanLogShellSize_SD : 0.10703794479223075, StdLogShellSize_Mean : 0., StdLogShellSize_SD : 0., MeanLogMultiplicityByShell_Mean : 1.8450014014607516, MeanLogMultiplicityByShell_SD : 0.17665045104114258, StdLogMultiplicityByShell_Mean : 1.0393920131215018, StdLogMultiplicityByShell_SD : 0.11426755416541054, Degree_Mean : 17.783132530120483, Degree_SD : 1.9633731102432994, ClusteringCoefficient_Mean : 0.5820915250555038, ClusteringCoefficient_SD : 0.07406923169848717}"
"{GraphName : Bardeen_matchedFlatOriginal, GraphConstruction : matchedFlatOriginalKNN, RadialBin : 4., RadiusMean : 5.068837320933002, NReferenceVertices : 70., CLog_Mean : 1.145468745439081, CLog_SD : 0.09363983279948614, MeanShellSize_Mean : 66.8, MeanShellSize_SD : 7.832670338887063, StdShellSize_Mean : 0., StdShellSize_SD : 0., MeanLogShellSize_Mean : 4.209808520346202, MeanLogShellSize_SD : 0.11791604222353694, StdLogShellSize_Mean : 0., StdLogShellSize_SD : 0., MeanLogMultiplicityByShell_Mean : 1.8256891701927411, MeanLogMultiplicityByShell_SD : 0.18955521063476666, StdLogMultiplicityByShell_Mean : 1.0388512487502328, StdLogMultiplicityByShell_SD : 0.09910616653247574, Degree_Mean : 17.514285714285716, Degree_SD : 1.6658797314041327, ClusteringCoefficient_Mean : 0.5561968204520557, ClusteringCoefficient_SD : 0.06733615359288135}"
"{GraphName : Bardeen_matchedFlatOriginal, GraphConstruction : matchedFlatOriginalKNN, RadialBin : 9., RadiusMean : 9.097516908369172, NReferenceVertices : 82., CLog_Mean : 1.1511129643564042, CLog_SD : 0.10868641348752084, MeanShellSize_Mean : 50.9390243902439, MeanShellSize_SD : 7.083884616413302, StdShellSize_Mean : 0., StdShellSize_SD : 0., MeanLogShellSize_Mean : 3.9408288021125215, MeanLogShellSize_SD : 0.13729519583980448, StdLogShellSize_Mean : 0., StdLogShellSize_SD : 0., MeanLogMultiplicityByShell_Mean : 1.8990171012014754, MeanLogMultiplicityByShell_SD : 0.2066406849769741, StdLogMultiplicityByShell_Mean : 1.0387236044451609, StdLogMultiplicityByShell_SD : 0.11716688492528411, Degree_Mean : 19.4390243902439, Degree_SD : 2.347036802541492, ClusteringCoefficient_Mean : 0.5681729836213996, ClusteringCoefficient_SD : 0.059889981193993656}"
"{GraphName : Bardeen, GraphConstruction : radiusThresholdOriginal, RadialBin : 11., RadiusMean : 10.78996956662807, NReferenceVertices : 86., CLog_Mean : 1.060735298901498, CLog_SD : 0.1575391753717511, MeanShellSize_Mean : 31.511627906976745, MeanShellSize_SD : 6.634569334924304, StdShellSize_Mean : 0., StdShellSize_SD : 0., MeanLogShellSize_Mean : 3.459770310204073, MeanLogShellSize_SD : 0.21386487951335362, StdLogShellSize_Mean : 0., StdLogShellSize_SD : 0., MeanLogMultiplicityByShell_Mean : 1.6734882423696447, MeanLogMultiplicityByShell_SD : 0.3839430909136177, StdLogMultiplicityByShell_Mean : 0.9678680707643859, StdLogMultiplicityByShell_SD : 0.16441789086242914, Degree_Mean : 14.290697674418604, Degree_SD : 3.3950354033318826, ClusteringCoefficient_Mean : 0.6208748254133325, ClusteringCoefficient_SD : 0.0943099995662061}"
"{GraphName : Bardeen, GraphConstruction : radiusThresholdOriginal, RadialBin : 7., RadiusMean : 7.492894226821613, NReferenceVertices : 77., CLog_Mean : 1.1995379593126978, CLog_SD : 0.14075598030414654, MeanShellSize_Mean : 69.01298701298701, MeanShellSize_SD : 7.498234014004663, StdShellSize_Mean : 0., StdShellSize_SD : 0., MeanLogShellSize_Mean : 4.24274861862804, MeanLogShellSize_SD : 0.1111152974787331, StdLogShellSize_Mean : 0., StdLogShellSize_SD : 0., MeanLogMultiplicityByShell_Mean : 1.9248200427288333, MeanLogMultiplicityByShell_SD : 0.2677873495965184, StdLogMultiplicityByShell_Mean : 1.0824937977333269, StdLogMultiplicityByShell_SD : 0.1415949625358407, Degree_Mean : 18.4025974025974, Degree_SD : 4.237240103067774, ClusteringCoefficient_Mean : 0.6009173847560619, ClusteringCoefficient_SD : 0.0824988666034042}"
"{GraphName : Bardeen, GraphConstruction : radiusThresholdOriginal, RadialBin : 2., RadiusMean : 3.4153830210796823, NReferenceVertices : 81., CLog_Mean : 1.3973500753695358, CLog_SD : 0.10329094337297379, MeanShellSize_Mean : 84.82716049382717, MeanShellSize_SD : 7.2900447931696375, StdShellSize_Mean : 0., StdShellSize_SD : 0., MeanLogShellSize_Mean : 4.4487709485036255, MeanLogShellSize_SD : 0.0850043305218254, StdLogShellSize_Mean : 0., StdLogShellSize_SD : 0., MeanLogMultiplicityByShell_Mean : 2.4474489253273988, MeanLogMultiplicityByShell_SD : 0.19607950630289142, StdLogMultiplicityByShell_Mean : 1.2576250749147895, StdLogMultiplicityByShell_SD : 0.10446851740440438, Degree_Mean : 31.728395061728396, Degree_SD : 4.469374524693059, ClusteringCoefficient_Mean : 0.591114523409278, ClusteringCoefficient_SD : 0.059323754046713514}"
"{GraphName : Bardeen, GraphConstruction : radiusThresholdOriginal, RadialBin : 5., RadiusMean : 5.844938971895935, NReferenceVertices : 82., CLog_Mean : 1.2674371209904567, CLog_SD : 0.11497152667771617, MeanShellSize_Mean : 86.98780487804878, MeanShellSize_SD : 9.129377221655623, StdShellSize_Mean : 0., StdShellSize_SD : 0., MeanLogShellSize_Mean : 4.471574324956042, MeanLogShellSize_SD : 0.10846802209251473, StdLogShellSize_Mean : 0., StdLogShellSize_SD : 0., MeanLogMultiplicityByShell_Mean : 2.151160162073682, MeanLogMultiplicityByShell_SD : 0.24566286356206335, StdLogMultiplicityByShell_Mean : 1.1439170206355571, StdLogMultiplicityByShell_SD : 0.11575722970703513, Degree_Mean : 22.4390243902439, Degree_SD : 3.909777427202471, ClusteringCoefficient_Mean : 0.6080288132000637, ClusteringCoefficient_SD : 0.06765469315606493}"
"{GraphName : Bardeen, GraphConstruction : radiusThresholdOriginal, RadialBin : 1., RadiusMean : 2.604219141781288, NReferenceVertices : 84., CLog_Mean : 1.391088707302761, CLog_SD : 0.10609552293916591, MeanShellSize_Mean : 82.91666666666667, MeanShellSize_SD : 6.925086808787089, StdShellSize_Mean : 0., StdShellSize_SD : 0., MeanLogShellSize_Mean : 4.426366627472129, MeanLogShellSize_SD : 0.08427660324988184, StdLogShellSize_Mean : 0., StdLogShellSize_SD : 0., MeanLogMultiplicityByShell_Mean : 2.3999473124110997, MeanLogMultiplicityByShell_SD : 0.1868924879252668, StdLogMultiplicityByShell_Mean : 1.2553583340069454, StdLogMultiplicityByShell_SD : 0.10670568104409574, Degree_Mean : 26.785714285714285, Degree_SD : 6.111556165229713, ClusteringCoefficient_Mean : 0.653406892121105, ClusteringCoefficient_SD : 0.08444045072362918}"
"{GraphName : Bardeen, GraphConstruction : radiusThresholdOriginal, RadialBin : 12., RadiusMean : 11.577464294180814, NReferenceVertices : 99., CLog_Mean : 1.0327909195770688, CLog_SD : 0.17824204278117986, MeanShellSize_Mean : 27.01010101010101, MeanShellSize_SD : 5.46882621718541, StdShellSize_Mean : 0., StdShellSize_SD : 0., MeanLogShellSize_Mean : 3.313759179930022, MeanLogShellSize_SD : 0.1952448388495817, StdLogShellSize_Mean : 0., StdLogShellSize_SD : 0., MeanLogMultiplicityByShell_Mean : 1.5325122210168256, MeanLogMultiplicityByShell_SD : 0.4412207896512616, StdLogMultiplicityByShell_Mean : 0.9461424875434956, StdLogMultiplicityByShell_SD : 0.17827219838616426, Degree_Mean : 9.818181818181818, Degree_SD : 3.179538011504946, ClusteringCoefficient_Mean : 0.7330831626286173, ClusteringCoefficient_SD : 0.15042583635631607}"
"{GraphName : Bardeen, GraphConstruction : radiusThresholdOriginal, RadialBin : 6., RadiusMean : 6.631998913290603, NReferenceVertices : 82., CLog_Mean : 1.2566352236457394, CLog_SD : 0.12967060214673, MeanShellSize_Mean : 78.42682926829268, MeanShellSize_SD : 9.01032396590105, StdShellSize_Mean : 0., StdShellSize_SD : 0., MeanLogShellSize_Mean : 4.368190274144472, MeanLogShellSize_SD : 0.11748685536724841, StdLogShellSize_Mean : 0., StdLogShellSize_SD : 0., MeanLogMultiplicityByShell_Mean : 2.004681892251743, MeanLogMultiplicityByShell_SD : 0.33112059384582415, StdLogMultiplicityByShell_Mean : 1.1381442062272082, StdLogMultiplicityByShell_SD : 0.1243676234573984, Degree_Mean : 21.25609756097561, Degree_SD : 3.681153119154464, ClusteringCoefficient_Mean : 0.6035699893355373, ClusteringCoefficient_SD : 0.09267414084393878}"
"{GraphName : Bardeen, GraphConstruction : radiusThresholdOriginal, RadialBin : 3., RadiusMean : 4.23647466761002, NReferenceVertices : 79., CLog_Mean : 1.3650233647462695, CLog_SD : 0.11702920409441925, MeanShellSize_Mean : 87.18987341772151, MeanShellSize_SD : 9.94352765830436, StdShellSize_Mean : 0., StdShellSize_SD : 0., MeanLogShellSize_Mean : 4.473313880370358, MeanLogShellSize_SD : 0.11177338091933607, StdLogShellSize_Mean : 0., StdLogShellSize_SD : 0., MeanLogMultiplicityByShell_Mean : 2.433568740989324, MeanLogMultiplicityByShell_SD : 0.2191640692059854, StdLogMultiplicityByShell_Mean : 1.2209677409524025, StdLogMultiplicityByShell_SD : 0.11969536116384141, Degree_Mean : 27.949367088607595, Degree_SD : 3.761814667721892, ClusteringCoefficient_Mean : 0.5839217382563536, ClusteringCoefficient_SD : 0.06866416930667223}"
"{GraphName : Bardeen, GraphConstruction : radiusThresholdOriginal, RadialBin : 10., RadiusMean : 9.95982155887775, NReferenceVertices : 95., CLog_Mean : 1.0955186394626633, CLog_SD : 0.1730570390705645, MeanShellSize_Mean : 38.76842105263158, MeanShellSize_SD : 7.765790545691537, StdShellSize_Mean : 0., StdShellSize_SD : 0., MeanLogShellSize_Mean : 3.6625445012504416, MeanLogShellSize_SD : 0.20868668359721615, StdLogShellSize_Mean : 0., StdLogShellSize_SD : 0., MeanLogMultiplicityByShell_Mean : 1.730417251348983, MeanLogMultiplicityByShell_SD : 0.36485727180512467, StdLogMultiplicityByShell_Mean : 0.9982719406048538, StdLogMultiplicityByShell_SD : 0.165316864418134, Degree_Mean : 16.842105263157894, Degree_SD : 3.734017827720961, ClusteringCoefficient_Mean : 0.6052996434875485, ClusteringCoefficient_SD : 0.09454767705817915}"
"{GraphName : Bardeen, GraphConstruction : radiusThresholdOriginal, RadialBin : 8., RadiusMean : 8.353125315908303, NReferenceVertices : 83., CLog_Mean : 1.181231940711983, CLog_SD : 0.1462341059417385, MeanShellSize_Mean : 62.18072289156626, MeanShellSize_SD : 10.534663547376386, StdShellSize_Mean : 0., StdShellSize_SD : 0., MeanLogShellSize_Mean : 4.130696040998721, MeanLogShellSize_SD : 0.18192498904085114, StdLogShellSize_Mean : 0., StdLogShellSize_SD : 0., MeanLogMultiplicityByShell_Mean : 1.8857636617477485, MeanLogMultiplicityByShell_SD : 0.27855149495783493, StdLogMultiplicityByShell_Mean : 1.075656876035815, StdLogMultiplicityByShell_SD : 0.148916782589555, Degree_Mean : 18.349397590361445, Degree_SD : 4.720049955656885, ClusteringCoefficient_Mean : 0.6163344299915744, ClusteringCoefficient_SD : 0.08401610134025643}"
"{GraphName : Bardeen, GraphConstruction : radiusThresholdOriginal, RadialBin : 4., RadiusMean : 5.068837320933002, NReferenceVertices : 70., CLog_Mean : 1.357297476861458, CLog_SD : 0.07965644707980205, MeanShellSize_Mean : 91.54285714285714, MeanShellSize_SD : 12.888243957115984, StdShellSize_Mean : 0., StdShellSize_SD : 0., MeanLogShellSize_Mean : 4.517693116556855, MeanLogShellSize_SD : 0.14431904897595724, StdLogShellSize_Mean : 0., StdLogShellSize_SD : 0., MeanLogMultiplicityByShell_Mean : 2.2955642974782875, MeanLogMultiplicityByShell_SD : 0.20449798102066702, StdLogMultiplicityByShell_Mean : 1.2202406156249939, StdLogMultiplicityByShell_SD : 0.07919578534591681, Degree_Mean : 25.12857142857143, Degree_SD : 3.941313797624563, ClusteringCoefficient_Mean : 0.5710678568393508, ClusteringCoefficient_SD : 0.055920600809216875}"
"{GraphName : Bardeen, GraphConstruction : radiusThresholdOriginal, RadialBin : 9., RadiusMean : 9.097516908369172, NReferenceVertices : 82., CLog_Mean : 1.1259342015610305, CLog_SD : 0.16408771154991608, MeanShellSize_Mean : 50.048780487804876, MeanShellSize_SD : 8.992318311641675, StdShellSize_Mean : 0., StdShellSize_SD : 0., MeanLogShellSize_Mean : 3.9160850567007714, MeanLogShellSize_SD : 0.18883203762963513, StdLogShellSize_Mean : 0., StdLogShellSize_SD : 0., MeanLogMultiplicityByShell_Mean : 1.7844921489274748, MeanLogMultiplicityByShell_SD : 0.31845068088284245, StdLogMultiplicityByShell_Mean : 1.0238604907973725, StdLogMultiplicityByShell_SD : 0.16122899938944682, Degree_Mean : 17.76829268292683, Degree_SD : 4.161252127822084, ClusteringCoefficient_Mean : 0.6085889776133349, ClusteringCoefficient_SD : 0.08719907368970732}"
"{GraphName : Hayward_matchedFlatOriginal, GraphConstruction : matchedFlatOriginalKNN, RadialBin : 11., RadiusMean : 10.78996956662807, NReferenceVertices : 86., CLog_Mean : 1.1582284079666565, CLog_SD : 0.15984651793866772, MeanShellSize_Mean : 40.383720930232556, MeanShellSize_SD : 6.695333940889532, StdShellSize_Mean : 0., StdShellSize_SD : 0., MeanLogShellSize_Mean : 3.709583199061866, MeanLogShellSize_SD : 0.1655664442154554, StdLogShellSize_Mean : 0., StdLogShellSize_SD : 0., MeanLogMultiplicityByShell_Mean : 1.9808097900225083, MeanLogMultiplicityByShell_SD : 0.25643643787063525, StdLogMultiplicityByShell_Mean : 1.0522295053375088, StdLogMultiplicityByShell_SD : 0.15979285481738423, Degree_Mean : 17.96511627906977, Degree_SD : 1.7653373243301267, ClusteringCoefficient_Mean : 0.6801231844803627, ClusteringCoefficient_SD : 0.08242875285100176}"
"{GraphName : Hayward_matchedFlatOriginal, GraphConstruction : matchedFlatOriginalKNN, RadialBin : 7., RadiusMean : 7.492894226821613, NReferenceVertices : 77., CLog_Mean : 1.1384841665204264, CLog_SD : 0.09783716503658647, MeanShellSize_Mean : 68.44155844155844, MeanShellSize_SD : 8.283613352328906, StdShellSize_Mean : 0., StdShellSize_SD : 0., MeanLogShellSize_Mean : 4.2333561609699935, MeanLogShellSize_SD : 0.12084719557964688, StdLogShellSize_Mean : 0., StdLogShellSize_SD : 0., MeanLogMultiplicityByShell_Mean : 1.8255010986609235, MeanLogMultiplicityByShell_SD : 0.19261801837661593, StdLogMultiplicityByShell_Mean : 1.0316472048997565, StdLogMultiplicityByShell_SD : 0.1076206870762184, Degree_Mean : 17.38961038961039, Degree_SD : 1.5057420286133814, ClusteringCoefficient_Mean : 0.5803948735598659, ClusteringCoefficient_SD : 0.08445416710568703}"
"{GraphName : Hayward_matchedFlatOriginal, GraphConstruction : matchedFlatOriginalKNN, RadialBin : 2., RadiusMean : 3.4153830210796823, NReferenceVertices : 81., CLog_Mean : 1.1984352649047378, CLog_SD : 0.08984688630933874, MeanShellSize_Mean : 54.148148148148145, MeanShellSize_SD : 7.5218201107031115, StdShellSize_Mean : 0., StdShellSize_SD : 0., MeanLogShellSize_Mean : 4.0006998647943774, MeanLogShellSize_SD : 0.13818208775799326, StdLogShellSize_Mean : 0., StdLogShellSize_SD : 0., MeanLogMultiplicityByShell_Mean : 1.8452509583589214, MeanLogMultiplicityByShell_SD : 0.20151898625124115, StdLogMultiplicityByShell_Mean : 1.095608418130807, StdLogMultiplicityByShell_SD : 0.09666357980996478, Degree_Mean : 19.80246913580247, Degree_SD : 2.2103153230162644, ClusteringCoefficient_Mean : 0.5743494431385231, ClusteringCoefficient_SD : 0.05804516572613942}"
"{GraphName : Hayward_matchedFlatOriginal, GraphConstruction : matchedFlatOriginalKNN, RadialBin : 5., RadiusMean : 5.844938971895935, NReferenceVertices : 82., CLog_Mean : 1.129072210273759, CLog_SD : 0.07644297416522511, MeanShellSize_Mean : 71.71951219512195, MeanShellSize_SD : 7.192716463859748, StdShellSize_Mean : 0., StdShellSize_SD : 0., MeanLogShellSize_Mean : 4.281748764588183, MeanLogShellSize_SD : 0.09943263267279176, StdLogShellSize_Mean : 0., StdLogShellSize_SD : 0., MeanLogMultiplicityByShell_Mean : 1.683694964118129, MeanLogMultiplicityByShell_SD : 0.1970810368837503, StdLogMultiplicityByShell_Mean : 1.0284292840957285, StdLogMultiplicityByShell_SD : 0.0870228887423616, Degree_Mean : 17.853658536585368, Degree_SD : 1.3977225851982003, ClusteringCoefficient_Mean : 0.5975274598500078, ClusteringCoefficient_SD : 0.07554633859827653}"
"{GraphName : Hayward_matchedFlatOriginal, GraphConstruction : matchedFlatOriginalKNN, RadialBin : 1., RadiusMean : 2.604219141781288, NReferenceVertices : 84., CLog_Mean : 1.2056665225872096, CLog_SD : 0.11694338940679576, MeanShellSize_Mean : 50.42857142857143, MeanShellSize_SD : 6.380100301900149, StdShellSize_Mean : 0., StdShellSize_SD : 0., MeanLogShellSize_Mean : 3.932136556345726, MeanLogShellSize_SD : 0.13003442057869918, StdLogShellSize_Mean : 0., StdLogShellSize_SD : 0., MeanLogMultiplicityByShell_Mean : 1.8496627630102114, MeanLogMultiplicityByShell_SD : 0.24070640407335706, StdLogMultiplicityByShell_Mean : 1.102809051966234, StdLogMultiplicityByShell_SD : 0.12832381976929802, Degree_Mean : 17.666666666666668, Degree_SD : 2.0960854699149927, ClusteringCoefficient_Mean : 0.6430431764157942, ClusteringCoefficient_SD : 0.07864392462168922}"
"{GraphName : Hayward_matchedFlatOriginal, GraphConstruction : matchedFlatOriginalKNN, RadialBin : 12., RadiusMean : 11.577464294180814, NReferenceVertices : 99., CLog_Mean : 1.1535343867272037, CLog_SD : 0.14278927417073395, MeanShellSize_Mean : 38.313131313131315, MeanShellSize_SD : 6.219860331535219, StdShellSize_Mean : 0., StdShellSize_SD : 0., MeanLogShellSize_Mean : 3.659393217100091, MeanLogShellSize_SD : 0.15632363332706384, StdLogShellSize_Mean : 0., StdLogShellSize_SD : 0., MeanLogMultiplicityByShell_Mean : 2.011071902190679, MeanLogMultiplicityByShell_SD : 0.2273413897860999, StdLogMultiplicityByShell_Mean : 1.0444197862080011, StdLogMultiplicityByShell_SD : 0.1492468020100371, Degree_Mean : 16.494949494949495, Degree_SD : 0.8252858178211239, ClusteringCoefficient_Mean : 0.6968513827646954, ClusteringCoefficient_SD : 0.07783560611962399}"
"{GraphName : Hayward_matchedFlatOriginal, GraphConstruction : matchedFlatOriginalKNN, RadialBin : 6., RadiusMean : 6.631998913290603, NReferenceVertices : 82., CLog_Mean : 1.0982833407963455, CLog_SD : 0.09111767457709992, MeanShellSize_Mean : 71.02439024390245, MeanShellSize_SD : 7.774563795879479, StdShellSize_Mean : 0., StdShellSize_SD : 0., MeanLogShellSize_Mean : 4.271221090834945, MeanLogShellSize_SD : 0.1084356851588059, StdLogShellSize_Mean : 0., StdLogShellSize_SD : 0., MeanLogMultiplicityByShell_Mean : 1.7098126216476228, MeanLogMultiplicityByShell_SD : 0.19715758971392053, StdLogMultiplicityByShell_Mean : 0.9961528049713648, StdLogMultiplicityByShell_SD : 0.09906191341977671, Degree_Mean : 17.695121951219512, Degree_SD : 1.488134339401113, ClusteringCoefficient_Mean : 0.5947896702540664, ClusteringCoefficient_SD : 0.09246867111707915}"
"{GraphName : Hayward_matchedFlatOriginal, GraphConstruction : matchedFlatOriginalKNN, RadialBin : 3., RadiusMean : 4.23647466761002, NReferenceVertices : 79., CLog_Mean : 1.1605205184393057, CLog_SD : 0.09777604279887973, MeanShellSize_Mean : 59.037974683544306, MeanShellSize_SD : 6.467756393725851, StdShellSize_Mean : 0., StdShellSize_SD : 0., MeanLogShellSize_Mean : 4.089223029639043, MeanLogShellSize_SD : 0.1081929546018009, StdLogShellSize_Mean : 0., StdLogShellSize_SD : 0., MeanLogMultiplicityByShell_Mean : 1.8754546692349683, MeanLogMultiplicityByShell_SD : 0.18884102367843703, StdLogMultiplicityByShell_Mean : 1.0543704425982332, StdLogMultiplicityByShell_SD : 0.10450572103684483, Degree_Mean : 18.139240506329113, Degree_SD : 1.5830364948349192, ClusteringCoefficient_Mean : 0.5706901354645569, ClusteringCoefficient_SD : 0.06024744306368306}"
"{GraphName : Hayward_matchedFlatOriginal, GraphConstruction : matchedFlatOriginalKNN, RadialBin : 10., RadiusMean : 9.95982155887775, NReferenceVertices : 95., CLog_Mean : 1.2012127095853866, CLog_SD : 0.12396685419935186, MeanShellSize_Mean : 45.17894736842105, MeanShellSize_SD : 6.89122004972967, StdShellSize_Mean : 0., StdShellSize_SD : 0., MeanLogShellSize_Mean : 3.8213382577470756, MeanLogShellSize_SD : 0.151352227818872, StdLogShellSize_Mean : 0., StdLogShellSize_SD : 0., MeanLogMultiplicityByShell_Mean : 1.8823335379028028, MeanLogMultiplicityByShell_SD : 0.21783868937884035, StdLogMultiplicityByShell_Mean : 1.0984133148381447, StdLogMultiplicityByShell_SD : 0.13045165565852423, Degree_Mean : 20.263157894736842, Degree_SD : 2.174369687664409, ClusteringCoefficient_Mean : 0.5948257529603534, ClusteringCoefficient_SD : 0.06208088787443959}"
"{GraphName : Hayward_matchedFlatOriginal, GraphConstruction : matchedFlatOriginalKNN, RadialBin : 8., RadiusMean : 8.353125315908303, NReferenceVertices : 83., CLog_Mean : 1.1468164709777497, CLog_SD : 0.10259959711746539, MeanShellSize_Mean : 57.80722891566265, MeanShellSize_SD : 6.288700341369744, StdShellSize_Mean : 0., StdShellSize_SD : 0., MeanLogShellSize_Mean : 4.068614829701123, MeanLogShellSize_SD : 0.10703794479223075, StdLogShellSize_Mean : 0., StdLogShellSize_SD : 0., MeanLogMultiplicityByShell_Mean : 1.8450014014607516, MeanLogMultiplicityByShell_SD : 0.17665045104114258, StdLogMultiplicityByShell_Mean : 1.0393920131215018, StdLogMultiplicityByShell_SD : 0.11426755416541054, Degree_Mean : 17.783132530120483, Degree_SD : 1.9633731102432994, ClusteringCoefficient_Mean : 0.5820915250555038, ClusteringCoefficient_SD : 0.07406923169848717}"
"{GraphName : Hayward_matchedFlatOriginal, GraphConstruction : matchedFlatOriginalKNN, RadialBin : 4., RadiusMean : 5.068837320933002, NReferenceVertices : 70., CLog_Mean : 1.145468745439081, CLog_SD : 0.09363983279948614, MeanShellSize_Mean : 66.8, MeanShellSize_SD : 7.832670338887063, StdShellSize_Mean : 0., StdShellSize_SD : 0., MeanLogShellSize_Mean : 4.209808520346202, MeanLogShellSize_SD : 0.11791604222353694, StdLogShellSize_Mean : 0., StdLogShellSize_SD : 0., MeanLogMultiplicityByShell_Mean : 1.8256891701927411, MeanLogMultiplicityByShell_SD : 0.18955521063476666, StdLogMultiplicityByShell_Mean : 1.0388512487502328, StdLogMultiplicityByShell_SD : 0.09910616653247574, Degree_Mean : 17.514285714285716, Degree_SD : 1.6658797314041327, ClusteringCoefficient_Mean : 0.5561968204520557, ClusteringCoefficient_SD : 0.06733615359288135}"
"{GraphName : Hayward_matchedFlatOriginal, GraphConstruction : matchedFlatOriginalKNN, RadialBin : 9., RadiusMean : 9.097516908369172, NReferenceVertices : 82., CLog_Mean : 1.1511129643564042, CLog_SD : 0.10868641348752084, MeanShellSize_Mean : 50.9390243902439, MeanShellSize_SD : 7.083884616413302, StdShellSize_Mean : 0., StdShellSize_SD : 0., MeanLogShellSize_Mean : 3.9408288021125215, MeanLogShellSize_SD : 0.13729519583980448, StdLogShellSize_Mean : 0., StdLogShellSize_SD : 0., MeanLogMultiplicityByShell_Mean : 1.8990171012014754, MeanLogMultiplicityByShell_SD : 0.2066406849769741, StdLogMultiplicityByShell_Mean : 1.0387236044451609, StdLogMultiplicityByShell_SD : 0.11716688492528411, Degree_Mean : 19.4390243902439, Degree_SD : 2.347036802541492, ClusteringCoefficient_Mean : 0.5681729836213996, ClusteringCoefficient_SD : 0.059889981193993656}"
"{GraphName : Hayward, GraphConstruction : radiusThresholdOriginal, RadialBin : 11., RadiusMean : 10.78996956662807, NReferenceVertices : 86., CLog_Mean : 1.0643866561087114, CLog_SD : 0.14740613437122818, MeanShellSize_Mean : 31.697674418604652, MeanShellSize_SD : 6.651085302754308, StdShellSize_Mean : 0., StdShellSize_SD : 0., MeanLogShellSize_Mean : 3.465662391529808, MeanLogShellSize_SD : 0.2128448905067944, StdLogShellSize_Mean : 0., StdLogShellSize_SD : 0., MeanLogMultiplicityByShell_Mean : 1.6743890978055962, MeanLogMultiplicityByShell_SD : 0.3686652208467429, StdLogMultiplicityByShell_Mean : 0.9714267751004398, StdLogMultiplicityByShell_SD : 0.15692111146163257, Degree_Mean : 14.372093023255815, Degree_SD : 3.3327131205949976, ClusteringCoefficient_Mean : 0.6213214419203206, ClusteringCoefficient_SD : 0.09271289580385203}"
"{GraphName : Hayward, GraphConstruction : radiusThresholdOriginal, RadialBin : 7., RadiusMean : 7.492894226821613, NReferenceVertices : 77., CLog_Mean : 1.2048976081059175, CLog_SD : 0.1381146131975767, MeanShellSize_Mean : 69.32467532467533, MeanShellSize_SD : 7.785684498930272, StdShellSize_Mean : 0., StdShellSize_SD : 0., MeanLogShellSize_Mean : 4.246880638052034, MeanLogShellSize_SD : 0.11357139612545562, StdLogShellSize_Mean : 0., StdLogShellSize_SD : 0., MeanLogMultiplicityByShell_Mean : 1.9177851673485915, MeanLogMultiplicityByShell_SD : 0.2734660301766367, StdLogMultiplicityByShell_Mean : 1.0880243659002822, StdLogMultiplicityByShell_SD : 0.13898279162648233, Degree_Mean : 18.467532467532468, Degree_SD : 4.253742672741931, ClusteringCoefficient_Mean : 0.6005884640870122, ClusteringCoefficient_SD : 0.08253338131343613}"
"{GraphName : Hayward, GraphConstruction : radiusThresholdOriginal, RadialBin : 2., RadiusMean : 3.4153830210796823, NReferenceVertices : 81., CLog_Mean : 1.3993030976467566, CLog_SD : 0.10305021029581449, MeanShellSize_Mean : 84.88888888888889, MeanShellSize_SD : 7.102816342831905, StdShellSize_Mean : 0., StdShellSize_SD : 0., MeanLogShellSize_Mean : 4.449695918563109, MeanLogShellSize_SD : 0.08239331665255376, StdLogShellSize_Mean : 0., StdLogShellSize_SD : 0., MeanLogMultiplicityByShell_Mean : 2.437143251863274, MeanLogMultiplicityByShell_SD : 0.20210515686656946, StdLogMultiplicityByShell_Mean : 1.2596069306577988, StdLogMultiplicityByShell_SD : 0.10446761044766446, Degree_Mean : 31.432098765432098, Degree_SD : 4.499828528969016, ClusteringCoefficient_Mean : 0.5908010023779863, ClusteringCoefficient_SD : 0.058129134593274075}"
"{GraphName : Hayward, GraphConstruction : radiusThresholdOriginal, RadialBin : 5., RadiusMean : 5.844938971895935, NReferenceVertices : 82., CLog_Mean : 1.2738392083271162, CLog_SD : 0.11886912890053296, MeanShellSize_Mean : 86.86585365853658, MeanShellSize_SD : 8.979760775391405, StdShellSize_Mean : 0., StdShellSize_SD : 0., MeanLogShellSize_Mean : 4.470321105121622, MeanLogShellSize_SD : 0.10737632819381113, StdLogShellSize_Mean : 0., StdLogShellSize_SD : 0., MeanLogMultiplicityByShell_Mean : 2.141112560026835, MeanLogMultiplicityByShell_SD : 0.24795488925072803, StdLogMultiplicityByShell_Mean : 1.1498402418987559, StdLogMultiplicityByShell_SD : 0.12019481136200721, Degree_Mean : 22.451219512195124, Degree_SD : 3.86549292218553, ClusteringCoefficient_Mean : 0.6075873220738076, ClusteringCoefficient_SD : 0.06758521421621218}"
"{GraphName : Hayward, GraphConstruction : radiusThresholdOriginal, RadialBin : 1., RadiusMean : 2.604219141781288, NReferenceVertices : 84., CLog_Mean : 1.3945738901344555, CLog_SD : 0.10508708601856266, MeanShellSize_Mean : 82.46428571428571, MeanShellSize_SD : 6.974042109069214, StdShellSize_Mean : 0., StdShellSize_SD : 0., MeanLogShellSize_Mean : 4.42086783531438, MeanLogShellSize_SD : 0.0854425700436326, StdLogShellSize_Mean : 0., StdLogShellSize_SD : 0., MeanLogMultiplicityByShell_Mean : 2.3773289334875782, MeanLogMultiplicityByShell_SD : 0.198957256168136, StdLogMultiplicityByShell_Mean : 1.2602727273155818, StdLogMultiplicityByShell_SD : 0.10631570814698613, Degree_Mean : 26.333333333333332, Degree_SD : 6.137644721790574, ClusteringCoefficient_Mean : 0.6518066328685015, ClusteringCoefficient_SD : 0.08628810139639292}"
"{GraphName : Hayward, GraphConstruction : radiusThresholdOriginal, RadialBin : 12., RadiusMean : 11.577464294180814, NReferenceVertices : 99., CLog_Mean : 1.0340752955640513, CLog_SD : 0.18551254957233274, MeanShellSize_Mean : 27.13131313131313, MeanShellSize_SD : 5.556107991498469, StdShellSize_Mean : 0., StdShellSize_SD : 0., MeanLogShellSize_Mean : 3.3175841532609427, MeanLogShellSize_SD : 0.197946546950863, StdLogShellSize_Mean : 0., StdLogShellSize_SD : 0., MeanLogMultiplicityByShell_Mean : 1.542195311051445, MeanLogMultiplicityByShell_SD : 0.43717593214354605, StdLogMultiplicityByShell_Mean : 0.9470545939183513, StdLogMultiplicityByShell_SD : 0.18505005762983978, Degree_Mean : 9.88888888888889, Degree_SD : 3.2099618183528986, ClusteringCoefficient_Mean : 0.7325284984375894, ClusteringCoefficient_SD : 0.14951859322513075}"
"{GraphName : Hayward, GraphConstruction : radiusThresholdOriginal, RadialBin : 6., RadiusMean : 6.631998913290603, NReferenceVertices : 82., CLog_Mean : 1.2536423835910564, CLog_SD : 0.1265933599244538, MeanShellSize_Mean : 77.98780487804878, MeanShellSize_SD : 8.928376046384633, StdShellSize_Mean : 0., StdShellSize_SD : 0., MeanLogShellSize_Mean : 4.362716362316451, MeanLogShellSize_SD : 0.11678280038820436, StdLogShellSize_Mean : 0., StdLogShellSize_SD : 0., MeanLogMultiplicityByShell_Mean : 2.009437110729402, MeanLogMultiplicityByShell_SD : 0.3341017405434342, StdLogMultiplicityByShell_Mean : 1.134526484129346, StdLogMultiplicityByShell_SD : 0.12034454778029101, Degree_Mean : 21.28048780487805, Degree_SD : 3.735959361623369, ClusteringCoefficient_Mean : 0.6040755421314962, ClusteringCoefficient_SD : 0.09314465351965276}"
"{GraphName : Hayward, GraphConstruction : radiusThresholdOriginal, RadialBin : 3., RadiusMean : 4.23647466761002, NReferenceVertices : 79., CLog_Mean : 1.3663605249244815, CLog_SD : 0.11612585699845268, MeanShellSize_Mean : 87.72151898734177, MeanShellSize_SD : 9.93947930955881, StdShellSize_Mean : 0., StdShellSize_SD : 0., MeanLogShellSize_Mean : 4.479367737199939, MeanLogShellSize_SD : 0.1115432886586891, StdLogShellSize_Mean : 0., StdLogShellSize_SD : 0., MeanLogMultiplicityByShell_Mean : 2.4226846782598064, MeanLogMultiplicityByShell_SD : 0.22154929762714726, StdLogMultiplicityByShell_Mean : 1.2226187584314265, StdLogMultiplicityByShell_SD : 0.11971491584743829, Degree_Mean : 27.78481012658228, Degree_SD : 3.7780434703012458, ClusteringCoefficient_Mean : 0.5834067406639513, ClusteringCoefficient_SD : 0.068282932102231}"
"{GraphName : Hayward, GraphConstruction : radiusThresholdOriginal, RadialBin : 10., RadiusMean : 9.95982155887775, NReferenceVertices : 95., CLog_Mean : 1.0976817706838602, CLog_SD : 0.17658793139609036, MeanShellSize_Mean : 38.8, MeanShellSize_SD : 7.760511060161799, StdShellSize_Mean : 0., StdShellSize_SD : 0., MeanLogShellSize_Mean : 3.663352845036577, MeanLogShellSize_SD : 0.20871190597657754, StdLogShellSize_Mean : 0., StdLogShellSize_SD : 0., MeanLogMultiplicityByShell_Mean : 1.7347521855610974, MeanLogMultiplicityByShell_SD : 0.3618591345179218, StdLogMultiplicityByShell_Mean : 0.9999796405563314, StdLogMultiplicityByShell_SD : 0.16863369375838205, Degree_Mean : 16.905263157894737, Degree_SD : 3.7390227537975016, ClusteringCoefficient_Mean : 0.6058391295257911, ClusteringCoefficient_SD : 0.09574261501640419}"
"{GraphName : Hayward, GraphConstruction : radiusThresholdOriginal, RadialBin : 8., RadiusMean : 8.353125315908303, NReferenceVertices : 83., CLog_Mean : 1.1840324562965774, CLog_SD : 0.14645763145732718, MeanShellSize_Mean : 62.40963855421687, MeanShellSize_SD : 10.688535166902208, StdShellSize_Mean : 0., StdShellSize_SD : 0., MeanLogShellSize_Mean : 4.134006694792573, MeanLogShellSize_SD : 0.1836618119691631, StdLogShellSize_Mean : 0., StdLogShellSize_SD : 0., MeanLogMultiplicityByShell_Mean : 1.8830765265684437, MeanLogMultiplicityByShell_SD : 0.2784111183742161, StdLogMultiplicityByShell_Mean : 1.0787664308072047, StdLogMultiplicityByShell_SD : 0.1493549108513523, Degree_Mean : 18.3855421686747, Degree_SD : 4.723659508653002, ClusteringCoefficient_Mean : 0.616338992173058, ClusteringCoefficient_SD : 0.083534952334581}"
"{GraphName : Hayward, GraphConstruction : radiusThresholdOriginal, RadialBin : 4., RadiusMean : 5.068837320933002, NReferenceVertices : 70., CLog_Mean : 1.3628680320966922, CLog_SD : 0.0883214428274135, MeanShellSize_Mean : 91.58571428571429, MeanShellSize_SD : 12.69884492880671, StdShellSize_Mean : 0., StdShellSize_SD : 0., MeanLogShellSize_Mean : 4.518340731391155, MeanLogShellSize_SD : 0.14343114460529446, StdLogShellSize_Mean : 0., StdLogShellSize_SD : 0., MeanLogMultiplicityByShell_Mean : 2.280521236614239, MeanLogMultiplicityByShell_SD : 0.20967013756685476, StdLogMultiplicityByShell_Mean : 1.2279942231713423, StdLogMultiplicityByShell_SD : 0.08770145174623172, Degree_Mean : 25.1, Degree_SD : 3.95316787297024, ClusteringCoefficient_Mean : 0.5707347830154069, ClusteringCoefficient_SD : 0.05608743819550173}"
"{GraphName : Hayward, GraphConstruction : radiusThresholdOriginal, RadialBin : 9., RadiusMean : 9.097516908369172, NReferenceVertices : 82., CLog_Mean : 1.1273315817600398, CLog_SD : 0.16514612249951185, MeanShellSize_Mean : 50.1219512195122, MeanShellSize_SD : 9.084500766163796, StdShellSize_Mean : 0., StdShellSize_SD : 0., MeanLogShellSize_Mean : 3.9172705763554134, MeanLogShellSize_SD : 0.19010611214431522, StdLogShellSize_Mean : 0., StdLogShellSize_SD : 0., MeanLogMultiplicityByShell_Mean : 1.7848858129126062, MeanLogMultiplicityByShell_SD : 0.3238406488071743, StdLogMultiplicityByShell_Mean : 1.025513817573296, StdLogMultiplicityByShell_SD : 0.16270601036030882, Degree_Mean : 17.79268292682927, Degree_SD : 4.162554429638718, ClusteringCoefficient_Mean : 0.6090758994941843, ClusteringCoefficient_SD : 0.08707199394427231}"
"{GraphName : ReissnerNordstrom_matchedFlatOriginal, GraphConstruction : matchedFlatOriginalKNN, RadialBin : 11., RadiusMean : 10.78996956662807, NReferenceVertices : 86., CLog_Mean : 1.1582284079666565, CLog_SD : 0.15984651793866772, MeanShellSize_Mean : 40.383720930232556, MeanShellSize_SD : 6.695333940889532, StdShellSize_Mean : 0., StdShellSize_SD : 0., MeanLogShellSize_Mean : 3.709583199061866, MeanLogShellSize_SD : 0.1655664442154554, StdLogShellSize_Mean : 0., StdLogShellSize_SD : 0., MeanLogMultiplicityByShell_Mean : 1.9808097900225083, MeanLogMultiplicityByShell_SD : 0.25643643787063525, StdLogMultiplicityByShell_Mean : 1.0522295053375088, StdLogMultiplicityByShell_SD : 0.15979285481738423, Degree_Mean : 17.96511627906977, Degree_SD : 1.7653373243301267, ClusteringCoefficient_Mean : 0.6801231844803627, ClusteringCoefficient_SD : 0.08242875285100176}"
"{GraphName : ReissnerNordstrom_matchedFlatOriginal, GraphConstruction : matchedFlatOriginalKNN, RadialBin : 7., RadiusMean : 7.492894226821613, NReferenceVertices : 77., CLog_Mean : 1.1384841665204264, CLog_SD : 0.09783716503658647, MeanShellSize_Mean : 68.44155844155844, MeanShellSize_SD : 8.283613352328906, StdShellSize_Mean : 0., StdShellSize_SD : 0., MeanLogShellSize_Mean : 4.2333561609699935, MeanLogShellSize_SD : 0.12084719557964688, StdLogShellSize_Mean : 0., StdLogShellSize_SD : 0., MeanLogMultiplicityByShell_Mean : 1.8255010986609235, MeanLogMultiplicityByShell_SD : 0.19261801837661593, StdLogMultiplicityByShell_Mean : 1.0316472048997565, StdLogMultiplicityByShell_SD : 0.1076206870762184, Degree_Mean : 17.38961038961039, Degree_SD : 1.5057420286133814, ClusteringCoefficient_Mean : 0.5803948735598659, ClusteringCoefficient_SD : 0.08445416710568703}"
"{GraphName : ReissnerNordstrom_matchedFlatOriginal, GraphConstruction : matchedFlatOriginalKNN, RadialBin : 2., RadiusMean : 3.4153830210796823, NReferenceVertices : 81., CLog_Mean : 1.1984352649047378, CLog_SD : 0.08984688630933874, MeanShellSize_Mean : 54.148148148148145, MeanShellSize_SD : 7.5218201107031115, StdShellSize_Mean : 0., StdShellSize_SD : 0., MeanLogShellSize_Mean : 4.0006998647943774, MeanLogShellSize_SD : 0.13818208775799326, StdLogShellSize_Mean : 0., StdLogShellSize_SD : 0., MeanLogMultiplicityByShell_Mean : 1.8452509583589214, MeanLogMultiplicityByShell_SD : 0.20151898625124115, StdLogMultiplicityByShell_Mean : 1.095608418130807, StdLogMultiplicityByShell_SD : 0.09666357980996478, Degree_Mean : 19.80246913580247, Degree_SD : 2.2103153230162644, ClusteringCoefficient_Mean : 0.5743494431385231, ClusteringCoefficient_SD : 0.05804516572613942}"
"{GraphName : ReissnerNordstrom_matchedFlatOriginal, GraphConstruction : matchedFlatOriginalKNN, RadialBin : 5., RadiusMean : 5.844938971895935, NReferenceVertices : 82., CLog_Mean : 1.129072210273759, CLog_SD : 0.07644297416522511, MeanShellSize_Mean : 71.71951219512195, MeanShellSize_SD : 7.192716463859748, StdShellSize_Mean : 0., StdShellSize_SD : 0., MeanLogShellSize_Mean : 4.281748764588183, MeanLogShellSize_SD : 0.09943263267279176, StdLogShellSize_Mean : 0., StdLogShellSize_SD : 0., MeanLogMultiplicityByShell_Mean : 1.683694964118129, MeanLogMultiplicityByShell_SD : 0.1970810368837503, StdLogMultiplicityByShell_Mean : 1.0284292840957285, StdLogMultiplicityByShell_SD : 0.0870228887423616, Degree_Mean : 17.853658536585368, Degree_SD : 1.3977225851982003, ClusteringCoefficient_Mean : 0.5975274598500078, ClusteringCoefficient_SD : 0.07554633859827653}"
"{GraphName : ReissnerNordstrom_matchedFlatOriginal, GraphConstruction : matchedFlatOriginalKNN, RadialBin : 1., RadiusMean : 2.604219141781288, NReferenceVertices : 84., CLog_Mean : 1.2056665225872096, CLog_SD : 0.11694338940679576, MeanShellSize_Mean : 50.42857142857143, MeanShellSize_SD : 6.380100301900149, StdShellSize_Mean : 0., StdShellSize_SD : 0., MeanLogShellSize_Mean : 3.932136556345726, MeanLogShellSize_SD : 0.13003442057869918, StdLogShellSize_Mean : 0., StdLogShellSize_SD : 0., MeanLogMultiplicityByShell_Mean : 1.8496627630102114, MeanLogMultiplicityByShell_SD : 0.24070640407335706, StdLogMultiplicityByShell_Mean : 1.102809051966234, StdLogMultiplicityByShell_SD : 0.12832381976929802, Degree_Mean : 17.666666666666668, Degree_SD : 2.0960854699149927, ClusteringCoefficient_Mean : 0.6430431764157942, ClusteringCoefficient_SD : 0.07864392462168922}"
"{GraphName : ReissnerNordstrom_matchedFlatOriginal, GraphConstruction : matchedFlatOriginalKNN, RadialBin : 12., RadiusMean : 11.577464294180814, NReferenceVertices : 99., CLog_Mean : 1.1535343867272037, CLog_SD : 0.14278927417073395, MeanShellSize_Mean : 38.313131313131315, MeanShellSize_SD : 6.219860331535219, StdShellSize_Mean : 0., StdShellSize_SD : 0., MeanLogShellSize_Mean : 3.659393217100091, MeanLogShellSize_SD : 0.15632363332706384, StdLogShellSize_Mean : 0., StdLogShellSize_SD : 0., MeanLogMultiplicityByShell_Mean : 2.011071902190679, MeanLogMultiplicityByShell_SD : 0.2273413897860999, StdLogMultiplicityByShell_Mean : 1.0444197862080011, StdLogMultiplicityByShell_SD : 0.1492468020100371, Degree_Mean : 16.494949494949495, Degree_SD : 0.8252858178211239, ClusteringCoefficient_Mean : 0.6968513827646954, ClusteringCoefficient_SD : 0.07783560611962399}"
"{GraphName : ReissnerNordstrom_matchedFlatOriginal, GraphConstruction : matchedFlatOriginalKNN, RadialBin : 6., RadiusMean : 6.631998913290603, NReferenceVertices : 82., CLog_Mean : 1.0982833407963455, CLog_SD : 0.09111767457709992, MeanShellSize_Mean : 71.02439024390245, MeanShellSize_SD : 7.774563795879479, StdShellSize_Mean : 0., StdShellSize_SD : 0., MeanLogShellSize_Mean : 4.271221090834945, MeanLogShellSize_SD : 0.1084356851588059, StdLogShellSize_Mean : 0., StdLogShellSize_SD : 0., MeanLogMultiplicityByShell_Mean : 1.7098126216476228, MeanLogMultiplicityByShell_SD : 0.19715758971392053, StdLogMultiplicityByShell_Mean : 0.9961528049713648, StdLogMultiplicityByShell_SD : 0.09906191341977671, Degree_Mean : 17.695121951219512, Degree_SD : 1.488134339401113, ClusteringCoefficient_Mean : 0.5947896702540664, ClusteringCoefficient_SD : 0.09246867111707915}"
"{GraphName : ReissnerNordstrom_matchedFlatOriginal, GraphConstruction : matchedFlatOriginalKNN, RadialBin : 3., RadiusMean : 4.23647466761002, NReferenceVertices : 79., CLog_Mean : 1.1605205184393057, CLog_SD : 0.09777604279887973, MeanShellSize_Mean : 59.037974683544306, MeanShellSize_SD : 6.467756393725851, StdShellSize_Mean : 0., StdShellSize_SD : 0., MeanLogShellSize_Mean : 4.089223029639043, MeanLogShellSize_SD : 0.1081929546018009, StdLogShellSize_Mean : 0., StdLogShellSize_SD : 0., MeanLogMultiplicityByShell_Mean : 1.8754546692349683, MeanLogMultiplicityByShell_SD : 0.18884102367843703, StdLogMultiplicityByShell_Mean : 1.0543704425982332, StdLogMultiplicityByShell_SD : 0.10450572103684483, Degree_Mean : 18.139240506329113, Degree_SD : 1.5830364948349192, ClusteringCoefficient_Mean : 0.5706901354645569, ClusteringCoefficient_SD : 0.06024744306368306}"
"{GraphName : ReissnerNordstrom_matchedFlatOriginal, GraphConstruction : matchedFlatOriginalKNN, RadialBin : 10., RadiusMean : 9.95982155887775, NReferenceVertices : 95., CLog_Mean : 1.2012127095853866, CLog_SD : 0.12396685419935186, MeanShellSize_Mean : 45.17894736842105, MeanShellSize_SD : 6.89122004972967, StdShellSize_Mean : 0., StdShellSize_SD : 0., MeanLogShellSize_Mean : 3.8213382577470756, MeanLogShellSize_SD : 0.151352227818872, StdLogShellSize_Mean : 0., StdLogShellSize_SD : 0., MeanLogMultiplicityByShell_Mean : 1.8823335379028028, MeanLogMultiplicityByShell_SD : 0.21783868937884035, StdLogMultiplicityByShell_Mean : 1.0984133148381447, StdLogMultiplicityByShell_SD : 0.13045165565852423, Degree_Mean : 20.263157894736842, Degree_SD : 2.174369687664409, ClusteringCoefficient_Mean : 0.5948257529603534, ClusteringCoefficient_SD : 0.06208088787443959}"
"{GraphName : ReissnerNordstrom_matchedFlatOriginal, GraphConstruction : matchedFlatOriginalKNN, RadialBin : 8., RadiusMean : 8.353125315908303, NReferenceVertices : 83., CLog_Mean : 1.1468164709777497, CLog_SD : 0.10259959711746539, MeanShellSize_Mean : 57.80722891566265, MeanShellSize_SD : 6.288700341369744, StdShellSize_Mean : 0., StdShellSize_SD : 0., MeanLogShellSize_Mean : 4.068614829701123, MeanLogShellSize_SD : 0.10703794479223075, StdLogShellSize_Mean : 0., StdLogShellSize_SD : 0., MeanLogMultiplicityByShell_Mean : 1.8450014014607516, MeanLogMultiplicityByShell_SD : 0.17665045104114258, StdLogMultiplicityByShell_Mean : 1.0393920131215018, StdLogMultiplicityByShell_SD : 0.11426755416541054, Degree_Mean : 17.783132530120483, Degree_SD : 1.9633731102432994, ClusteringCoefficient_Mean : 0.5820915250555038, ClusteringCoefficient_SD : 0.07406923169848717}"
"{GraphName : ReissnerNordstrom_matchedFlatOriginal, GraphConstruction : matchedFlatOriginalKNN, RadialBin : 4., RadiusMean : 5.068837320933002, NReferenceVertices : 70., CLog_Mean : 1.145468745439081, CLog_SD : 0.09363983279948614, MeanShellSize_Mean : 66.8, MeanShellSize_SD : 7.832670338887063, StdShellSize_Mean : 0., StdShellSize_SD : 0., MeanLogShellSize_Mean : 4.209808520346202, MeanLogShellSize_SD : 0.11791604222353694, StdLogShellSize_Mean : 0., StdLogShellSize_SD : 0., MeanLogMultiplicityByShell_Mean : 1.8256891701927411, MeanLogMultiplicityByShell_SD : 0.18955521063476666, StdLogMultiplicityByShell_Mean : 1.0388512487502328, StdLogMultiplicityByShell_SD : 0.09910616653247574, Degree_Mean : 17.514285714285716, Degree_SD : 1.6658797314041327, ClusteringCoefficient_Mean : 0.5561968204520557, ClusteringCoefficient_SD : 0.06733615359288135}"
"{GraphName : ReissnerNordstrom_matchedFlatOriginal, GraphConstruction : matchedFlatOriginalKNN, RadialBin : 9., RadiusMean : 9.097516908369172, NReferenceVertices : 82., CLog_Mean : 1.1511129643564042, CLog_SD : 0.10868641348752084, MeanShellSize_Mean : 50.9390243902439, MeanShellSize_SD : 7.083884616413302, StdShellSize_Mean : 0., StdShellSize_SD : 0., MeanLogShellSize_Mean : 3.9408288021125215, MeanLogShellSize_SD : 0.13729519583980448, StdLogShellSize_Mean : 0., StdLogShellSize_SD : 0., MeanLogMultiplicityByShell_Mean : 1.8990171012014754, MeanLogMultiplicityByShell_SD : 0.2066406849769741, StdLogMultiplicityByShell_Mean : 1.0387236044451609, StdLogMultiplicityByShell_SD : 0.11716688492528411, Degree_Mean : 19.4390243902439, Degree_SD : 2.347036802541492, ClusteringCoefficient_Mean : 0.5681729836213996, ClusteringCoefficient_SD : 0.059889981193993656}"
"{GraphName : ReissnerNordstrom, GraphConstruction : radiusThresholdOriginal, RadialBin : 11., RadiusMean : 10.78996956662807, NReferenceVertices : 86., CLog_Mean : 1.060620374167133, CLog_SD : 0.1575579596787628, MeanShellSize_Mean : 31.511627906976745, MeanShellSize_SD : 6.634569334924304, StdShellSize_Mean : 0., StdShellSize_SD : 0., MeanLogShellSize_Mean : 3.459770310204073, MeanLogShellSize_SD : 0.21386487951335362, StdLogShellSize_Mean : 0., StdLogShellSize_SD : 0., MeanLogMultiplicityByShell_Mean : 1.6739328696499136, MeanLogMultiplicityByShell_SD : 0.383702807331684, StdLogMultiplicityByShell_Mean : 0.9676856448425102, StdLogMultiplicityByShell_SD : 0.16449079485912735, Degree_Mean : 14.290697674418604, Degree_SD : 3.3950354033318826, ClusteringCoefficient_Mean : 0.6208748254133325, ClusteringCoefficient_SD : 0.0943099995662061}"
"{GraphName : ReissnerNordstrom, GraphConstruction : radiusThresholdOriginal, RadialBin : 7., RadiusMean : 7.492894226821613, NReferenceVertices : 77., CLog_Mean : 1.1986196663550912, CLog_SD : 0.13835714082123968, MeanShellSize_Mean : 69.15584415584415, MeanShellSize_SD : 7.530752627280209, StdShellSize_Mean : 0., StdShellSize_SD : 0., MeanLogShellSize_Mean : 4.244749286230503, MeanLogShellSize_SD : 0.11151757604654201, StdLogShellSize_Mean : 0., StdLogShellSize_SD : 0., MeanLogMultiplicityByShell_Mean : 1.9225945007984986, MeanLogMultiplicityByShell_SD : 0.26717101059867127, StdLogMultiplicityByShell_Mean : 1.0819292376471763, StdLogMultiplicityByShell_SD : 0.13902933662823386, Degree_Mean : 18.428571428571427, Degree_SD : 4.2779378068994, ClusteringCoefficient_Mean : 0.6010944218896207, ClusteringCoefficient_SD : 0.08241223858350828}"
"{GraphName : ReissnerNordstrom, GraphConstruction : radiusThresholdOriginal, RadialBin : 2., RadiusMean : 3.4153830210796823, NReferenceVertices : 81., CLog_Mean : 1.4021040350080658, CLog_SD : 0.09860444579873717, MeanShellSize_Mean : 85.0246913580247, MeanShellSize_SD : 7.304066176866786, StdShellSize_Mean : 0., StdShellSize_SD : 0., MeanLogShellSize_Mean : 4.451066618556871, MeanLogShellSize_SD : 0.0850768436438893, StdLogShellSize_Mean : 0., StdLogShellSize_SD : 0., MeanLogMultiplicityByShell_Mean : 2.447048265026639, MeanLogMultiplicityByShell_SD : 0.18649219454262114, StdLogMultiplicityByShell_Mean : 1.261800270874351, StdLogMultiplicityByShell_SD : 0.09961586010578975, Degree_Mean : 31.753086419753085, Degree_SD : 4.431508953498602, ClusteringCoefficient_Mean : 0.5910288054162834, ClusteringCoefficient_SD : 0.05939168734923464}"
"{GraphName : ReissnerNordstrom, GraphConstruction : radiusThresholdOriginal, RadialBin : 5., RadiusMean : 5.844938971895935, NReferenceVertices : 82., CLog_Mean : 1.2681755608590548, CLog_SD : 0.11769898356156462, MeanShellSize_Mean : 87.07317073170732, MeanShellSize_SD : 9.190414340402102, StdShellSize_Mean : 0., StdShellSize_SD : 0., MeanLogShellSize_Mean : 4.472478437165299, MeanLogShellSize_SD : 0.10910118430548124, StdLogShellSize_Mean : 0., StdLogShellSize_SD : 0., MeanLogMultiplicityByShell_Mean : 2.153687698556514, MeanLogMultiplicityByShell_SD : 0.24618343608393214, StdLogMultiplicityByShell_Mean : 1.1441149436102782, StdLogMultiplicityByShell_SD : 0.11752691304740967, Degree_Mean : 22.414634146341463, Degree_SD : 3.9595211691806877, ClusteringCoefficient_Mean : 0.6089232881477915, ClusteringCoefficient_SD : 0.06775622233965226}"
"{GraphName : ReissnerNordstrom, GraphConstruction : radiusThresholdOriginal, RadialBin : 1., RadiusMean : 2.604219141781288, NReferenceVertices : 84., CLog_Mean : 1.387091603352942, CLog_SD : 0.09906006429104319, MeanShellSize_Mean : 82.91666666666667, MeanShellSize_SD : 7.125735359783626, StdShellSize_Mean : 0., StdShellSize_SD : 0., MeanLogShellSize_Mean : 4.426142977931351, MeanLogShellSize_SD : 0.08708394625083471, StdLogShellSize_Mean : 0., StdLogShellSize_SD : 0., MeanLogMultiplicityByShell_Mean : 2.400512632397647, MeanLogMultiplicityByShell_SD : 0.18470852690297165, StdLogMultiplicityByShell_Mean : 1.2516700804016436, StdLogMultiplicityByShell_SD : 0.09888279791721385, Degree_Mean : 26.69047619047619, Degree_SD : 6.176083272575567, ClusteringCoefficient_Mean : 0.6531016553139729, ClusteringCoefficient_SD : 0.08564055889470061}"
"{GraphName : ReissnerNordstrom, GraphConstruction : radiusThresholdOriginal, RadialBin : 12., RadiusMean : 11.577464294180814, NReferenceVertices : 99., CLog_Mean : 1.0327909195770688, CLog_SD : 0.17824204278117986, MeanShellSize_Mean : 27.01010101010101, MeanShellSize_SD : 5.46882621718541, StdShellSize_Mean : 0., StdShellSize_SD : 0., MeanLogShellSize_Mean : 3.313759179930022, MeanLogShellSize_SD : 0.1952448388495817, StdLogShellSize_Mean : 0., StdLogShellSize_SD : 0., MeanLogMultiplicityByShell_Mean : 1.5325122210168256, MeanLogMultiplicityByShell_SD : 0.4412207896512616, StdLogMultiplicityByShell_Mean : 0.9461424875434956, StdLogMultiplicityByShell_SD : 0.17827219838616426, Degree_Mean : 9.818181818181818, Degree_SD : 3.179538011504946, ClusteringCoefficient_Mean : 0.7330831626286173, ClusteringCoefficient_SD : 0.15042583635631607}"
"{GraphName : ReissnerNordstrom, GraphConstruction : radiusThresholdOriginal, RadialBin : 6., RadiusMean : 6.631998913290603, NReferenceVertices : 82., CLog_Mean : 1.2551073342979235, CLog_SD : 0.1259949399690513, MeanShellSize_Mean : 78.60975609756098, MeanShellSize_SD : 9.007207124669154, StdShellSize_Mean : 0., StdShellSize_SD : 0., MeanLogShellSize_Mean : 4.370506739463546, MeanLogShellSize_SD : 0.11742763242272969, StdLogShellSize_Mean : 0., StdLogShellSize_SD : 0., MeanLogMultiplicityByShell_Mean : 2.003223207481192, MeanLogMultiplicityByShell_SD : 0.3329154594494452, StdLogMultiplicityByShell_Mean : 1.1370357937201325, StdLogMultiplicityByShell_SD : 0.12201823128016888, Degree_Mean : 21.29268292682927, Degree_SD : 3.713465004906855, ClusteringCoefficient_Mean : 0.6034620173951781, ClusteringCoefficient_SD : 0.09341930929690997}"
"{GraphName : ReissnerNordstrom, GraphConstruction : radiusThresholdOriginal, RadialBin : 3., RadiusMean : 4.23647466761002, NReferenceVertices : 79., CLog_Mean : 1.3671092437627685, CLog_SD : 0.11508661025748733, MeanShellSize_Mean : 87.24050632911393, MeanShellSize_SD : 9.982311522392378, StdShellSize_Mean : 0., StdShellSize_SD : 0., MeanLogShellSize_Mean : 4.47388127346658, MeanLogShellSize_SD : 0.11167241649787055, StdLogShellSize_Mean : 0., StdLogShellSize_SD : 0., MeanLogMultiplicityByShell_Mean : 2.4325578515759037, MeanLogMultiplicityByShell_SD : 0.21434603760346405, StdLogMultiplicityByShell_Mean : 1.2223511059369219, StdLogMultiplicityByShell_SD : 0.11879700301424395, Degree_Mean : 28.025316455696203, Degree_SD : 3.8162093003676985, ClusteringCoefficient_Mean : 0.5848017759437415, ClusteringCoefficient_SD : 0.0688628576154549}"
"{GraphName : ReissnerNordstrom, GraphConstruction : radiusThresholdOriginal, RadialBin : 10., RadiusMean : 9.95982155887775, NReferenceVertices : 95., CLog_Mean : 1.0952500637151992, CLog_SD : 0.17357671223572926, MeanShellSize_Mean : 38.76842105263158, MeanShellSize_SD : 7.765790545691537, StdShellSize_Mean : 0., StdShellSize_SD : 0., MeanLogShellSize_Mean : 3.6625445012504416, MeanLogShellSize_SD : 0.20868668359721615, StdLogShellSize_Mean : 0., StdLogShellSize_SD : 0., MeanLogMultiplicityByShell_Mean : 1.7309926822809514, MeanLogMultiplicityByShell_SD : 0.3649649778232685, StdLogMultiplicityByShell_Mean : 0.9979321943680871, StdLogMultiplicityByShell_SD : 0.16589759931902776, Degree_Mean : 16.842105263157894, Degree_SD : 3.734017827720961, ClusteringCoefficient_Mean : 0.6052996434875485, ClusteringCoefficient_SD : 0.09454767705817915}"
"{GraphName : ReissnerNordstrom, GraphConstruction : radiusThresholdOriginal, RadialBin : 8., RadiusMean : 8.353125315908303, NReferenceVertices : 83., CLog_Mean : 1.1822391416590166, CLog_SD : 0.14550062693303908, MeanShellSize_Mean : 62.33734939759036, MeanShellSize_SD : 10.753646129743606, StdShellSize_Mean : 0., StdShellSize_SD : 0., MeanLogShellSize_Mean : 4.1326960082063975, MeanLogShellSize_SD : 0.18449039834568937, StdLogShellSize_Mean : 0., StdLogShellSize_SD : 0., MeanLogMultiplicityByShell_Mean : 1.8829546195831535, MeanLogMultiplicityByShell_SD : 0.27831975849229584, StdLogMultiplicityByShell_Mean : 1.0767874656398986, StdLogMultiplicityByShell_SD : 0.1484742067755249, Degree_Mean : 18.373493975903614, Degree_SD : 4.707831677818418, ClusteringCoefficient_Mean : 0.6163320583002257, ClusteringCoefficient_SD : 0.08353301873421062}"
"{GraphName : ReissnerNordstrom, GraphConstruction : radiusThresholdOriginal, RadialBin : 4., RadiusMean : 5.068837320933002, NReferenceVertices : 70., CLog_Mean : 1.355901241166681, CLog_SD : 0.07905295793985123, MeanShellSize_Mean : 91.34285714285714, MeanShellSize_SD : 12.797062292285265, StdShellSize_Mean : 0., StdShellSize_SD : 0., MeanLogShellSize_Mean : 4.515614151439481, MeanLogShellSize_SD : 0.14374864677107999, StdLogShellSize_Mean : 0., StdLogShellSize_SD : 0., MeanLogMultiplicityByShell_Mean : 2.3019634264381725, MeanLogMultiplicityByShell_SD : 0.20579090090048918, StdLogMultiplicityByShell_Mean : 1.219049354486287, StdLogMultiplicityByShell_SD : 0.07885401390338868, Degree_Mean : 25.2, Degree_SD : 3.8770973753532445, ClusteringCoefficient_Mean : 0.5707763789896266, ClusteringCoefficient_SD : 0.05657272834687675}"
"{GraphName : ReissnerNordstrom, GraphConstruction : radiusThresholdOriginal, RadialBin : 9., RadiusMean : 9.097516908369172, NReferenceVertices : 82., CLog_Mean : 1.1267212614527862, CLog_SD : 0.163817076566151, MeanShellSize_Mean : 50.09756097560975, MeanShellSize_SD : 9.060305170367425, StdShellSize_Mean : 0., StdShellSize_SD : 0., MeanLogShellSize_Mean : 3.9168673962042497, MeanLogShellSize_SD : 0.1896979302956478, StdLogShellSize_Mean : 0., StdLogShellSize_SD : 0., MeanLogMultiplicityByShell_Mean : 1.7842488732973543, MeanLogMultiplicityByShell_SD : 0.32002921865142225, StdLogMultiplicityByShell_Mean : 1.0244861723991283, StdLogMultiplicityByShell_SD : 0.16103295500843479, Degree_Mean : 17.76829268292683, Degree_SD : 4.161252127822084, ClusteringCoefficient_Mean : 0.6085889776133349, ClusteringCoefficient_SD : 0.08719907368970732}"
"{GraphName : SchwarzschildFlamm_matchedFlatOriginal, GraphConstruction : matchedFlatOriginalKNN, RadialBin : 11., RadiusMean : 10.78996956662807, NReferenceVertices : 86., CLog_Mean : 1.1582284079666565, CLog_SD : 0.15984651793866772, MeanShellSize_Mean : 40.383720930232556, MeanShellSize_SD : 6.695333940889532, StdShellSize_Mean : 0., StdShellSize_SD : 0., MeanLogShellSize_Mean : 3.709583199061866, MeanLogShellSize_SD : 0.1655664442154554, StdLogShellSize_Mean : 0., StdLogShellSize_SD : 0., MeanLogMultiplicityByShell_Mean : 1.9808097900225083, MeanLogMultiplicityByShell_SD : 0.25643643787063525, StdLogMultiplicityByShell_Mean : 1.0522295053375088, StdLogMultiplicityByShell_SD : 0.15979285481738423, Degree_Mean : 17.96511627906977, Degree_SD : 1.7653373243301267, ClusteringCoefficient_Mean : 0.6801231844803627, ClusteringCoefficient_SD : 0.08242875285100176}"
"{GraphName : SchwarzschildFlamm_matchedFlatOriginal, GraphConstruction : matchedFlatOriginalKNN, RadialBin : 7., RadiusMean : 7.492894226821613, NReferenceVertices : 77., CLog_Mean : 1.1384841665204264, CLog_SD : 0.09783716503658647, MeanShellSize_Mean : 68.44155844155844, MeanShellSize_SD : 8.283613352328906, StdShellSize_Mean : 0., StdShellSize_SD : 0., MeanLogShellSize_Mean : 4.2333561609699935, MeanLogShellSize_SD : 0.12084719557964688, StdLogShellSize_Mean : 0., StdLogShellSize_SD : 0., MeanLogMultiplicityByShell_Mean : 1.8255010986609235, MeanLogMultiplicityByShell_SD : 0.19261801837661593, StdLogMultiplicityByShell_Mean : 1.0316472048997565, StdLogMultiplicityByShell_SD : 0.1076206870762184, Degree_Mean : 17.38961038961039, Degree_SD : 1.5057420286133814, ClusteringCoefficient_Mean : 0.5803948735598659, ClusteringCoefficient_SD : 0.08445416710568703}"
"{GraphName : SchwarzschildFlamm_matchedFlatOriginal, GraphConstruction : matchedFlatOriginalKNN, RadialBin : 2., RadiusMean : 3.4153830210796823, NReferenceVertices : 81., CLog_Mean : 1.1984352649047378, CLog_SD : 0.08984688630933874, MeanShellSize_Mean : 54.148148148148145, MeanShellSize_SD : 7.5218201107031115, StdShellSize_Mean : 0., StdShellSize_SD : 0., MeanLogShellSize_Mean : 4.0006998647943774, MeanLogShellSize_SD : 0.13818208775799326, StdLogShellSize_Mean : 0., StdLogShellSize_SD : 0., MeanLogMultiplicityByShell_Mean : 1.8452509583589214, MeanLogMultiplicityByShell_SD : 0.20151898625124115, StdLogMultiplicityByShell_Mean : 1.095608418130807, StdLogMultiplicityByShell_SD : 0.09666357980996478, Degree_Mean : 19.80246913580247, Degree_SD : 2.2103153230162644, ClusteringCoefficient_Mean : 0.5743494431385231, ClusteringCoefficient_SD : 0.05804516572613942}"
"{GraphName : SchwarzschildFlamm_matchedFlatOriginal, GraphConstruction : matchedFlatOriginalKNN, RadialBin : 5., RadiusMean : 5.844938971895935, NReferenceVertices : 82., CLog_Mean : 1.129072210273759, CLog_SD : 0.07644297416522511, MeanShellSize_Mean : 71.71951219512195, MeanShellSize_SD : 7.192716463859748, StdShellSize_Mean : 0., StdShellSize_SD : 0., MeanLogShellSize_Mean : 4.281748764588183, MeanLogShellSize_SD : 0.09943263267279176, StdLogShellSize_Mean : 0., StdLogShellSize_SD : 0., MeanLogMultiplicityByShell_Mean : 1.683694964118129, MeanLogMultiplicityByShell_SD : 0.1970810368837503, StdLogMultiplicityByShell_Mean : 1.0284292840957285, StdLogMultiplicityByShell_SD : 0.0870228887423616, Degree_Mean : 17.853658536585368, Degree_SD : 1.3977225851982003, ClusteringCoefficient_Mean : 0.5975274598500078, ClusteringCoefficient_SD : 0.07554633859827653}"
"{GraphName : SchwarzschildFlamm_matchedFlatOriginal, GraphConstruction : matchedFlatOriginalKNN, RadialBin : 1., RadiusMean : 2.604219141781288, NReferenceVertices : 84., CLog_Mean : 1.2056665225872096, CLog_SD : 0.11694338940679576, MeanShellSize_Mean : 50.42857142857143, MeanShellSize_SD : 6.380100301900149, StdShellSize_Mean : 0., StdShellSize_SD : 0., MeanLogShellSize_Mean : 3.932136556345726, MeanLogShellSize_SD : 0.13003442057869918, StdLogShellSize_Mean : 0., StdLogShellSize_SD : 0., MeanLogMultiplicityByShell_Mean : 1.8496627630102114, MeanLogMultiplicityByShell_SD : 0.24070640407335706, StdLogMultiplicityByShell_Mean : 1.102809051966234, StdLogMultiplicityByShell_SD : 0.12832381976929802, Degree_Mean : 17.666666666666668, Degree_SD : 2.0960854699149927, ClusteringCoefficient_Mean : 0.6430431764157942, ClusteringCoefficient_SD : 0.07864392462168922}"
"{GraphName : SchwarzschildFlamm_matchedFlatOriginal, GraphConstruction : matchedFlatOriginalKNN, RadialBin : 12., RadiusMean : 11.577464294180814, NReferenceVertices : 99., CLog_Mean : 1.1535343867272037, CLog_SD : 0.14278927417073395, MeanShellSize_Mean : 38.313131313131315, MeanShellSize_SD : 6.219860331535219, StdShellSize_Mean : 0., StdShellSize_SD : 0., MeanLogShellSize_Mean : 3.659393217100091, MeanLogShellSize_SD : 0.15632363332706384, StdLogShellSize_Mean : 0., StdLogShellSize_SD : 0., MeanLogMultiplicityByShell_Mean : 2.011071902190679, MeanLogMultiplicityByShell_SD : 0.2273413897860999, StdLogMultiplicityByShell_Mean : 1.0444197862080011, StdLogMultiplicityByShell_SD : 0.1492468020100371, Degree_Mean : 16.494949494949495, Degree_SD : 0.8252858178211239, ClusteringCoefficient_Mean : 0.6968513827646954, ClusteringCoefficient_SD : 0.07783560611962399}"
"{GraphName : SchwarzschildFlamm_matchedFlatOriginal, GraphConstruction : matchedFlatOriginalKNN, RadialBin : 6., RadiusMean : 6.631998913290603, NReferenceVertices : 82., CLog_Mean : 1.0982833407963455, CLog_SD : 0.09111767457709992, MeanShellSize_Mean : 71.02439024390245, MeanShellSize_SD : 7.774563795879479, StdShellSize_Mean : 0., StdShellSize_SD : 0., MeanLogShellSize_Mean : 4.271221090834945, MeanLogShellSize_SD : 0.1084356851588059, StdLogShellSize_Mean : 0., StdLogShellSize_SD : 0., MeanLogMultiplicityByShell_Mean : 1.7098126216476228, MeanLogMultiplicityByShell_SD : 0.19715758971392053, StdLogMultiplicityByShell_Mean : 0.9961528049713648, StdLogMultiplicityByShell_SD : 0.09906191341977671, Degree_Mean : 17.695121951219512, Degree_SD : 1.488134339401113, ClusteringCoefficient_Mean : 0.5947896702540664, ClusteringCoefficient_SD : 0.09246867111707915}"
"{GraphName : SchwarzschildFlamm_matchedFlatOriginal, GraphConstruction : matchedFlatOriginalKNN, RadialBin : 3., RadiusMean : 4.23647466761002, NReferenceVertices : 79., CLog_Mean : 1.1605205184393057, CLog_SD : 0.09777604279887973, MeanShellSize_Mean : 59.037974683544306, MeanShellSize_SD : 6.467756393725851, StdShellSize_Mean : 0., StdShellSize_SD : 0., MeanLogShellSize_Mean : 4.089223029639043, MeanLogShellSize_SD : 0.1081929546018009, StdLogShellSize_Mean : 0., StdLogShellSize_SD : 0., MeanLogMultiplicityByShell_Mean : 1.8754546692349683, MeanLogMultiplicityByShell_SD : 0.18884102367843703, StdLogMultiplicityByShell_Mean : 1.0543704425982332, StdLogMultiplicityByShell_SD : 0.10450572103684483, Degree_Mean : 18.139240506329113, Degree_SD : 1.5830364948349192, ClusteringCoefficient_Mean : 0.5706901354645569, ClusteringCoefficient_SD : 0.06024744306368306}"
"{GraphName : SchwarzschildFlamm_matchedFlatOriginal, GraphConstruction : matchedFlatOriginalKNN, RadialBin : 10., RadiusMean : 9.95982155887775, NReferenceVertices : 95., CLog_Mean : 1.2012127095853866, CLog_SD : 0.12396685419935186, MeanShellSize_Mean : 45.17894736842105, MeanShellSize_SD : 6.89122004972967, StdShellSize_Mean : 0., StdShellSize_SD : 0., MeanLogShellSize_Mean : 3.8213382577470756, MeanLogShellSize_SD : 0.151352227818872, StdLogShellSize_Mean : 0., StdLogShellSize_SD : 0., MeanLogMultiplicityByShell_Mean : 1.8823335379028028, MeanLogMultiplicityByShell_SD : 0.21783868937884035, StdLogMultiplicityByShell_Mean : 1.0984133148381447, StdLogMultiplicityByShell_SD : 0.13045165565852423, Degree_Mean : 20.263157894736842, Degree_SD : 2.174369687664409, ClusteringCoefficient_Mean : 0.5948257529603534, ClusteringCoefficient_SD : 0.06208088787443959}"
"{GraphName : SchwarzschildFlamm_matchedFlatOriginal, GraphConstruction : matchedFlatOriginalKNN, RadialBin : 8., RadiusMean : 8.353125315908303, NReferenceVertices : 83., CLog_Mean : 1.1468164709777497, CLog_SD : 0.10259959711746539, MeanShellSize_Mean : 57.80722891566265, MeanShellSize_SD : 6.288700341369744, StdShellSize_Mean : 0., StdShellSize_SD : 0., MeanLogShellSize_Mean : 4.068614829701123, MeanLogShellSize_SD : 0.10703794479223075, StdLogShellSize_Mean : 0., StdLogShellSize_SD : 0., MeanLogMultiplicityByShell_Mean : 1.8450014014607516, MeanLogMultiplicityByShell_SD : 0.17665045104114258, StdLogMultiplicityByShell_Mean : 1.0393920131215018, StdLogMultiplicityByShell_SD : 0.11426755416541054, Degree_Mean : 17.783132530120483, Degree_SD : 1.9633731102432994, ClusteringCoefficient_Mean : 0.5820915250555038, ClusteringCoefficient_SD : 0.07406923169848717}"
"{GraphName : SchwarzschildFlamm_matchedFlatOriginal, GraphConstruction : matchedFlatOriginalKNN, RadialBin : 4., RadiusMean : 5.068837320933002, NReferenceVertices : 70., CLog_Mean : 1.145468745439081, CLog_SD : 0.09363983279948614, MeanShellSize_Mean : 66.8, MeanShellSize_SD : 7.832670338887063, StdShellSize_Mean : 0., StdShellSize_SD : 0., MeanLogShellSize_Mean : 4.209808520346202, MeanLogShellSize_SD : 0.11791604222353694, StdLogShellSize_Mean : 0., StdLogShellSize_SD : 0., MeanLogMultiplicityByShell_Mean : 1.8256891701927411, MeanLogMultiplicityByShell_SD : 0.18955521063476666, StdLogMultiplicityByShell_Mean : 1.0388512487502328, StdLogMultiplicityByShell_SD : 0.09910616653247574, Degree_Mean : 17.514285714285716, Degree_SD : 1.6658797314041327, ClusteringCoefficient_Mean : 0.5561968204520557, ClusteringCoefficient_SD : 0.06733615359288135}"
"{GraphName : SchwarzschildFlamm_matchedFlatOriginal, GraphConstruction : matchedFlatOriginalKNN, RadialBin : 9., RadiusMean : 9.097516908369172, NReferenceVertices : 82., CLog_Mean : 1.1511129643564042, CLog_SD : 0.10868641348752084, MeanShellSize_Mean : 50.9390243902439, MeanShellSize_SD : 7.083884616413302, StdShellSize_Mean : 0., StdShellSize_SD : 0., MeanLogShellSize_Mean : 3.9408288021125215, MeanLogShellSize_SD : 0.13729519583980448, StdLogShellSize_Mean : 0., StdLogShellSize_SD : 0., MeanLogMultiplicityByShell_Mean : 1.8990171012014754, MeanLogMultiplicityByShell_SD : 0.2066406849769741, StdLogMultiplicityByShell_Mean : 1.0387236044451609, StdLogMultiplicityByShell_SD : 0.11716688492528411, Degree_Mean : 19.4390243902439, Degree_SD : 2.347036802541492, ClusteringCoefficient_Mean : 0.5681729836213996, ClusteringCoefficient_SD : 0.059889981193993656}"
"{GraphName : SchwarzschildFlamm, GraphConstruction : radiusThresholdOriginal, RadialBin : 11., RadiusMean : 10.78996956662807, NReferenceVertices : 86., CLog_Mean : 1.070212483123712, CLog_SD : 0.14859453099913145, MeanShellSize_Mean : 31.848837209302324, MeanShellSize_SD : 6.7432187145317295, StdShellSize_Mean : 0., StdShellSize_SD : 0., MeanLogShellSize_Mean : 3.4699380890544185, MeanLogShellSize_SD : 0.21442250792951717, StdLogShellSize_Mean : 0., StdLogShellSize_SD : 0., MeanLogMultiplicityByShell_Mean : 1.6764503772922856, MeanLogMultiplicityByShell_SD : 0.3671058585048805, StdLogMultiplicityByShell_Mean : 0.9763541691543162, StdLogMultiplicityByShell_SD : 0.1576152493808394, Degree_Mean : 14.406976744186046, Degree_SD : 3.3374097281530255, ClusteringCoefficient_Mean : 0.6221567020714064, ClusteringCoefficient_SD : 0.09174758397582579}"
"{GraphName : SchwarzschildFlamm, GraphConstruction : radiusThresholdOriginal, RadialBin : 7., RadiusMean : 7.492894226821613, NReferenceVertices : 77., CLog_Mean : 1.205239861198987, CLog_SD : 0.13909248440783664, MeanShellSize_Mean : 69.42857142857143, MeanShellSize_SD : 7.773823436833878, StdShellSize_Mean : 0., StdShellSize_SD : 0., MeanLogShellSize_Mean : 4.2483886171404075, MeanLogShellSize_SD : 0.11330944400582568, StdLogShellSize_Mean : 0., StdLogShellSize_SD : 0., MeanLogMultiplicityByShell_Mean : 1.9203008269532436, MeanLogMultiplicityByShell_SD : 0.26557724224341805, StdLogMultiplicityByShell_Mean : 1.0882540954251279, StdLogMultiplicityByShell_SD : 0.13974136509744503, Degree_Mean : 18.493506493506494, Degree_SD : 4.263132578846886, ClusteringCoefficient_Mean : 0.6010190865787832, ClusteringCoefficient_SD : 0.0828041618399519}"
"{GraphName : SchwarzschildFlamm, GraphConstruction : radiusThresholdOriginal, RadialBin : 2., RadiusMean : 3.4153830210796823, NReferenceVertices : 81., CLog_Mean : 1.3936549012796484, CLog_SD : 0.10430324111527023, MeanShellSize_Mean : 85., MeanShellSize_SD : 7.33314393694819, StdShellSize_Mean : 0., StdShellSize_SD : 0., MeanLogShellSize_Mean : 4.450765205198398, MeanLogShellSize_SD : 0.08516623412454646, StdLogShellSize_Mean : 0., StdLogShellSize_SD : 0., MeanLogMultiplicityByShell_Mean : 2.427928988581679, MeanLogMultiplicityByShell_SD : 0.2070544170303498, StdLogMultiplicityByShell_Mean : 1.2548187810013618, StdLogMultiplicityByShell_SD : 0.10628992331435379, Degree_Mean : 31.209876543209877, Degree_SD : 4.443298463367941, ClusteringCoefficient_Mean : 0.5895764405344732, ClusteringCoefficient_SD : 0.05792790076161088}"
"{GraphName : SchwarzschildFlamm, GraphConstruction : radiusThresholdOriginal, RadialBin : 5., RadiusMean : 5.844938971895935, NReferenceVertices : 82., CLog_Mean : 1.276004114154059, CLog_SD : 0.11927431701096329, MeanShellSize_Mean : 86.86585365853658, MeanShellSize_SD : 9.022279960299585, StdShellSize_Mean : 0., StdShellSize_SD : 0., MeanLogShellSize_Mean : 4.470274875482158, MeanLogShellSize_SD : 0.10780079812310796, StdLogShellSize_Mean : 0., StdLogShellSize_SD : 0., MeanLogMultiplicityByShell_Mean : 2.1349277528275477, MeanLogMultiplicityByShell_SD : 0.24656381486887943, StdLogMultiplicityByShell_Mean : 1.1526917448278882, StdLogMultiplicityByShell_SD : 0.11994133708455847, Degree_Mean : 22.48780487804878, Degree_SD : 3.8912497673088073, ClusteringCoefficient_Mean : 0.6077880680595624, ClusteringCoefficient_SD : 0.06748109070826491}"
"{GraphName : SchwarzschildFlamm, GraphConstruction : radiusThresholdOriginal, RadialBin : 1., RadiusMean : 2.604219141781288, NReferenceVertices : 84., CLog_Mean : 1.3915638088579183, CLog_SD : 0.10917246532567947, MeanShellSize_Mean : 81.51190476190476, MeanShellSize_SD : 7.549824936323601, StdShellSize_Mean : 0., StdShellSize_SD : 0., MeanLogShellSize_Mean : 4.408690409648493, MeanLogShellSize_SD : 0.09347351403129722, StdLogShellSize_Mean : 0., StdLogShellSize_SD : 0., MeanLogMultiplicityByShell_Mean : 2.3586410692435686, MeanLogMultiplicityByShell_SD : 0.20389640483120075, StdLogMultiplicityByShell_Mean : 1.2608666568322733, StdLogMultiplicityByShell_SD : 0.11026630897169046, Degree_Mean : 25.738095238095237, Degree_SD : 6.322876895194487, ClusteringCoefficient_Mean : 0.6492329510868777, ClusteringCoefficient_SD : 0.0863452880380668}"
"{GraphName : SchwarzschildFlamm, GraphConstruction : radiusThresholdOriginal, RadialBin : 12., RadiusMean : 11.577464294180814, NReferenceVertices : 99., CLog_Mean : 1.0349377951128338, CLog_SD : 0.1850410866951155, MeanShellSize_Mean : 27.232323232323232, MeanShellSize_SD : 5.561948496536822, StdShellSize_Mean : 0., StdShellSize_SD : 0., MeanLogShellSize_Mean : 3.3211610410679833, MeanLogShellSize_SD : 0.1982544364484285, StdLogShellSize_Mean : 0., StdLogShellSize_SD : 0., MeanLogMultiplicityByShell_Mean : 1.5454534720517965, MeanLogMultiplicityByShell_SD : 0.441717208957624, StdLogMultiplicityByShell_Mean : 0.9475949583205565, StdLogMultiplicityByShell_SD : 0.18362196941126904, Degree_Mean : 9.8989898989899, Degree_SD : 3.205527590358565, ClusteringCoefficient_Mean : 0.7321677480768392, ClusteringCoefficient_SD : 0.150040475385282}"
"{GraphName : SchwarzschildFlamm, GraphConstruction : radiusThresholdOriginal, RadialBin : 6., RadiusMean : 6.631998913290603, NReferenceVertices : 82., CLog_Mean : 1.2518210095933897, CLog_SD : 0.12750661327264637, MeanShellSize_Mean : 78.09756097560975, MeanShellSize_SD : 8.994662005600961, StdShellSize_Mean : 0., StdShellSize_SD : 0., MeanLogShellSize_Mean : 4.364046745084025, MeanLogShellSize_SD : 0.11718963404879251, StdLogShellSize_Mean : 0., StdLogShellSize_SD : 0., MeanLogMultiplicityByShell_Mean : 2.0123738928043844, MeanLogMultiplicityByShell_SD : 0.3293812809629986, StdLogMultiplicityByShell_Mean : 1.1325274009137085, StdLogMultiplicityByShell_SD : 0.12170683847990245, Degree_Mean : 21.317073170731707, Degree_SD : 3.721403056728649, ClusteringCoefficient_Mean : 0.6034079103955232, ClusteringCoefficient_SD : 0.09210503989371142}"
"{GraphName : SchwarzschildFlamm, GraphConstruction : radiusThresholdOriginal, RadialBin : 3., RadiusMean : 4.23647466761002, NReferenceVertices : 79., CLog_Mean : 1.369822102467852, CLog_SD : 0.1101353958154615, MeanShellSize_Mean : 88.0506329113924, MeanShellSize_SD : 9.940720107766552, StdShellSize_Mean : 0., StdShellSize_SD : 0., MeanLogShellSize_Mean : 4.483129799531009, MeanLogShellSize_SD : 0.11092686663932934, StdLogShellSize_Mean : 0., StdLogShellSize_SD : 0., MeanLogMultiplicityByShell_Mean : 2.410181808081469, MeanLogMultiplicityByShell_SD : 0.22154353905274787, StdLogMultiplicityByShell_Mean : 1.2265061953685399, StdLogMultiplicityByShell_SD : 0.11346488336324449, Degree_Mean : 27.68354430379747, Degree_SD : 3.7056585414169114, ClusteringCoefficient_Mean : 0.58371120260098, ClusteringCoefficient_SD : 0.06815376872161422}"
"{GraphName : SchwarzschildFlamm, GraphConstruction : radiusThresholdOriginal, RadialBin : 10., RadiusMean : 9.95982155887775, NReferenceVertices : 95., CLog_Mean : 1.1006099863834649, CLog_SD : 0.17784233627547058, MeanShellSize_Mean : 38.88421052631579, MeanShellSize_SD : 7.810063281807995, StdShellSize_Mean : 0., StdShellSize_SD : 0., MeanLogShellSize_Mean : 3.665261875489972, MeanLogShellSize_SD : 0.2098127131501161, StdLogShellSize_Mean : 0., StdLogShellSize_SD : 0., MeanLogMultiplicityByShell_Mean : 1.7343736856067948, MeanLogMultiplicityByShell_SD : 0.36235326561803893, StdLogMultiplicityByShell_Mean : 1.0029004752397643, StdLogMultiplicityByShell_SD : 0.1698441986717455, Degree_Mean : 16.926315789473684, Degree_SD : 3.7423456782894693, ClusteringCoefficient_Mean : 0.6064972937818116, ClusteringCoefficient_SD : 0.09527016076913564}"
"{GraphName : SchwarzschildFlamm, GraphConstruction : radiusThresholdOriginal, RadialBin : 8., RadiusMean : 8.353125315908303, NReferenceVertices : 83., CLog_Mean : 1.191373745132497, CLog_SD : 0.14661745495146164, MeanShellSize_Mean : 62.66265060240964, MeanShellSize_SD : 10.334971542828104, StdShellSize_Mean : 0., StdShellSize_SD : 0., MeanLogShellSize_Mean : 4.139673984471312, MeanLogShellSize_SD : 0.17140580199618738, StdLogShellSize_Mean : 0., StdLogShellSize_SD : 0., MeanLogMultiplicityByShell_Mean : 1.879980347652676, MeanLogMultiplicityByShell_SD : 0.2730332453344957, StdLogMultiplicityByShell_Mean : 1.0845502251058161, StdLogMultiplicityByShell_SD : 0.15006397716096315, Degree_Mean : 18.44578313253012, Degree_SD : 4.729907470987383, ClusteringCoefficient_Mean : 0.6160010784361397, ClusteringCoefficient_SD : 0.0839336624206265}"
"{GraphName : SchwarzschildFlamm, GraphConstruction : radiusThresholdOriginal, RadialBin : 4., RadiusMean : 5.068837320933002, NReferenceVertices : 70., CLog_Mean : 1.3629191824152498, CLog_SD : 0.08278945813303219, MeanShellSize_Mean : 91.27142857142857, MeanShellSize_SD : 12.82199359182249, StdShellSize_Mean : 0., StdShellSize_SD : 0., MeanLogShellSize_Mean : 4.5147182754343795, MeanLogShellSize_SD : 0.14490500415917332, StdLogShellSize_Mean : 0., StdLogShellSize_SD : 0., MeanLogMultiplicityByShell_Mean : 2.277174474800626, MeanLogMultiplicityByShell_SD : 0.20411127076605315, StdLogMultiplicityByShell_Mean : 1.228587644051511, StdLogMultiplicityByShell_SD : 0.08301047004147588, Degree_Mean : 25.1, Degree_SD : 3.9458288378224546, ClusteringCoefficient_Mean : 0.5714618210424447, ClusteringCoefficient_SD : 0.05707111414833887}"
"{GraphName : SchwarzschildFlamm, GraphConstruction : radiusThresholdOriginal, RadialBin : 9., RadiusMean : 9.097516908369172, NReferenceVertices : 82., CLog_Mean : 1.1243313857729218, CLog_SD : 0.16397140689954828, MeanShellSize_Mean : 50.146341463414636, MeanShellSize_SD : 9.0678130419327, StdShellSize_Mean : 0., StdShellSize_SD : 0., MeanLogShellSize_Mean : 3.9178437246071223, MeanLogShellSize_SD : 0.1895413204798803, StdLogShellSize_Mean : 0., StdLogShellSize_SD : 0., MeanLogMultiplicityByShell_Mean : 1.7915414739361706, MeanLogMultiplicityByShell_SD : 0.32563625534480933, StdLogMultiplicityByShell_Mean : 1.0221405578091127, StdLogMultiplicityByShell_SD : 0.1615689072281662, Degree_Mean : 17.853658536585368, Degree_SD : 4.175537080023912, ClusteringCoefficient_Mean : 0.6089450279912674, ClusteringCoefficient_SD : 0.08783084972026776}"
